0,0,0,0,0
1,90,2,0,1
2,0,0,0,0
3,30,0,1,0
4,60,0,2,0
5,90,2,1,0
6,30,0,1,0
7,30,0,1,0
8,60,0,2,0
9,0,0,0,0
10,150,2,0,2
11,30,0,0,1
12,0,0,0,0
13,30,1,0,0
14,30,1,0,0
15,0,0,0,0
16,90,0,1,2
17,150,3,0,2
18,30,0,1,0
19,0,0,0,0
20,0,0,0,0
21,0,0,0,0
22,60,0,0,2
23,30,0,1,0
24,0,0,0,0
25,0,0,0,0
26,0,0,0,0
27,30,0,0,1
28,0,0,0,0
29,60,1,0,1
30,0,0,0,0
31,60,0,2,0
32,30,0,1,0
33,0,0,0,0
34,0,0,0,0
35,0,0,0,0
36,0,0,0,0
37,180,3,1,1
38,30,1,0,0
39,30,0,1,0
40,30,1,0,0
41,0,0,0,0
42,0,0,0,0
43,120,0,0,4
44,0,0,0,0
45,60,0,2,0
46,60,2,0,0
47,120,0,2,1
48,60,2,0,0
49,0,0,0,0
50,0,0,0,0
51,30,0,0,1
52,0,0,0,0
53,0,0,0,0
54,0,0,0,0
55,0,0,0,0
56,0,0,0,0
57,60,1,1,0
58,0,0,0,0
59,0,0,0,0
60,0,0,0,0
61,60,2,0,0
62,90,0,3,0
63,0,0,0,0
64,0,0,0,0
65,120,1,0,3
66,30,1,0,0
67,0,0,0,0
68,30,0,0,1
69,0,0,0,0
70,60,0,2,0
71,30,0,0,1
72,0,0,0,0
73,0,0,0,0
74,30,0,1,0
75,0,0,0,0
76,30,0,1,0
77,0,0,0,0
78,0,0,0,0
79,30,0,1,0
80,60,1,0,1
81,0,0,0,0
82,0,0,0,0
83,30,1,0,0
84,120,2,0,2
85,90,0,0,3
86,0,0,0,0
87,0,0,0,0
88,0,0,0,0
89,0,0,0,0
90,0,0,0,0
91,0,0,0,0
92,60,0,2,0
93,0,0,0,0
94,0,0,0,0
95,0,0,0,0
96,30,1,0,0
97,120,1,3,0
98,0,0,0,0
99,120,0,4,0
100,120,0,3,1
101,0,0,0,0
102,0,0,0,0
103,90,2,0,0
104,60,2,0,0
105,0,0,0,0
106,0,0,0,0
107,0,0,0,0
108,0,0,0,0
109,0,0,0,0
110,0,0,0,0
111,60,2,0,0
112,30,1,0,0
113,0,0,0,0
114,30,0,1,0
115,0,0,0,0
116,0,0,0,0
117,0,0,0,0
118,120,0,3,0
119,0,0,0,0
120,60,2,0,0
121,30,0,0,1
122,30,0,0,1
123,60,0,1,1
124,30,0,0,1
125,0,0,0,0
126,0,0,0,0
127,0,0,0,0
128,30,0,0,1
129,0,0,0,0
130,90,0,3,0
131,60,0,2,0
132,0,0,0,0
133,30,1,0,0
134,0,0,0,0
135,0,0,0,0
136,30,0,1,0
137,30,0,1,0
138,0,0,0,0
139,0,0,0,0
140,0,0,0,0
141,0,0,0,0
142,270,3,0,4
143,60,0,2,0
144,120,2,0,2
145,60,0,0,2
146,30,1,0,0
147,0,0,0,0
148,0,0,0,0
149,0,0,0,0
150,0,0,0,0
151,30,0,1,0
152,0,0,0,0
153,30,0,0,1
154,120,2,1,0
155,0,0,0,0
156,0,0,0,0
157,0,0,0,0
158,30,0,0,1
159,30,0,1,0
160,0,0,0,0
161,150,0,0,5
162,30,0,1,0
163,0,0,0,0
164,30,0,1,0
165,0,0,0,0
166,30,0,0,1
167,0,0,0,0
168,0,0,0,0
169,30,0,0,1
170,120,1,0,3
171,0,0,0,0
172,30,0,1,0
173,0,0,0,0
174,60,2,0,0
175,60,0,2,0
176,30,0,1,0
177,30,0,1,0
178,0,0,0,0
179,0,0,0,0
180,0,0,0,0
181,60,0,2,0
182,30,0,0,1
183,120,0,2,2
184,60,0,1,1
185,0,0,0,0
186,0,0,0,0
187,60,0,2,0
188,60,0,2,0
189,0,0,0,0
190,0,0,0,0
191,120,0,2,2
192,0,0,0,0
193,30,0,1,0
194,0,0,0,0
195,30,0,0,1
196,60,1,0,1
197,30,1,0,0
198,60,2,0,0
199,30,1,0,0
200,0,0,0,0
201,0,0,0,0
202,120,2,1,1
203,0,0,0,0
204,60,0,0,2
205,0,0,0,0
206,0,0,0,0
207,30,0,0,1
208,210,1,1,2
209,0,0,0,0
210,0,0,0,0
211,30,1,0,0
212,60,2,0,0
213,60,0,0,2
214,0,0,0,0
215,0,0,0,0
216,120,2,2,0
217,30,0,1,0
218,0,0,0,0
219,0,0,0,0
220,30,0,0,1
221,0,0,0,0
222,0,0,0,0
223,0,0,0,0
224,60,0,1,1
225,60,1,0,1
226,0,0,0,0
227,60,0,0,2
228,30,0,0,1
229,0,0,0,0
230,30,1,0,0
231,60,0,0,2
232,0,0,0,0
233,60,0,2,0
234,30,1,0,0
235,0,0,0,0
236,60,0,2,0
237,150,5,0,0
238,150,2,1,0
239,0,0,0,0
240,240,0,0,8
241,0,0,0,0
242,60,1,0,1
243,0,0,0,0
244,0,0,0,0
245,0,0,0,0
246,60,0,2,0
247,60,2,0,0
248,90,0,0,3
249,60,0,2,0
250,60,0,0,2
251,90,0,0,3
252,0,0,0,0
253,60,0,0,2
254,0,0,0,0
255,30,0,0,1
256,60,0,2,0
257,30,0,1,0
258,0,0,0,0
259,30,0,1,0
260,180,0,4,1
261,120,0,4,0
262,0,0,0,0
263,0,0,0,0
264,0,0,0,0
265,60,0,1,1
266,30,0,1,0
267,0,0,0,0
268,0,0,0,0
269,30,0,1,0
270,30,0,0,1
271,60,0,0,2
272,120,0,4,0
273,30,0,0,1
274,30,0,0,1
275,0,0,0,0
276,60,0,2,0
277,0,0,0,0
278,0,0,0,0
279,60,0,2,0
280,0,0,0,0
281,60,2,0,0
282,60,2,0,0
283,0,0,0,0
284,30,0,1,0
285,60,1,0,0
286,0,0,0,0
287,30,1,0,0
288,0,0,0,0
289,0,0,0,0
290,30,0,1,0
291,0,0,0,0
292,0,0,0,0
293,0,0,0,0
294,0,0,0,0
295,30,0,1,0
296,120,0,4,0
297,0,0,0,0
298,60,2,0,0
299,60,2,0,0
300,0,0,0,0
301,120,0,2,2
302,0,0,0,0
303,0,0,0,0
304,90,0,3,0
305,90,0,2,1
306,0,0,0,0
307,0,0,0,0
308,0,0,0,0
309,60,0,2,0
310,0,0,0,0
311,0,0,0,0
312,0,0,0,0
313,0,0,0,0
314,120,1,2,1
315,30,0,0,1
316,30,0,1,0
317,90,1,2,0
318,30,0,1,0
319,60,0,2,0
320,180,3,1,0
321,60,1,0,1
322,180,2,1,2
323,0,0,0,0
324,0,0,0,0
325,0,0,0,0
326,120,4,0,0
327,0,0,0,0
328,60,0,0,2
329,0,0,0,0
330,30,0,0,1
331,30,0,0,1
332,60,0,0,2
333,30,1,0,0
334,0,0,0,0
335,0,0,0,0
336,0,0,0,0
337,120,2,0,2
338,0,0,0,0
339,0,0,0,0
340,0,0,0,0
341,0,0,0,0
342,30,0,0,1
343,210,1,6,0
344,0,0,0,0
345,60,1,0,1
346,0,0,0,0
347,30,0,1,0
348,30,0,0,1
349,0,0,0,0
350,0,0,0,0
351,30,0,1,0
352,30,0,0,1
353,0,0,0,0
354,120,2,0,1
355,60,1,0,1
356,240,5,1,0
357,0,0,0,0
358,0,0,0,0
359,30,0,0,1
360,0,0,0,0
361,30,0,0,1
362,0,0,0,0
363,30,1,0,0
364,120,0,0,4
365,60,0,2,0
366,120,2,1,1
367,0,0,0,0
368,0,0,0,0
369,90,1,0,2
370,0,0,0,0
371,30,0,0,1
372,30,0,0,1
373,0,0,0,0
374,0,0,0,0
375,0,0,0,0
376,0,0,0,0
377,0,0,0,0
378,30,0,0,1
379,0,0,0,0
380,0,0,0,0
381,0,0,0,0
382,0,0,0,0
383,0,0,0,0
384,30,0,0,1
385,30,0,0,1
386,30,0,0,1
387,0,0,0,0
388,0,0,0,0
389,0,0,0,0
390,0,0,0,0
391,0,0,0,0
392,30,0,0,1
393,60,0,2,0
394,0,0,0,0
395,0,0,0,0
396,60,2,0,0
397,30,1,0,0
398,0,0,0,0
399,0,0,0,0
400,0,0,0,0
401,60,0,0,2
402,0,0,0,0
403,120,4,0,0
404,0,0,0,0
405,120,2,0,1
406,30,0,1,0
407,60,0,0,2
408,60,0,0,2
409,60,2,0,0
410,30,1,0,0
411,0,0,0,0
412,0,0,0,0
413,30,1,0,0
414,30,0,0,1
415,0,0,0,0
416,60,0,1,1
417,60,2,0,0
418,60,1,0,1
419,0,0,0,0
420,30,0,1,0
421,60,0,0,2
422,0,0,0,0
423,30,0,0,1
424,0,0,0,0
425,0,0,0,0
426,0,0,0,0
427,0,0,0,0
428,0,0,0,0
429,30,0,1,0
430,90,0,0,3
431,30,1,0,0
432,30,0,1,0
433,0,0,0,0
434,0,0,0,0
435,0,0,0,0
436,210,5,0,0
437,120,2,1,1
438,60,1,1,0
439,60,0,0,2
440,30,1,0,0
441,0,0,0,0
442,0,0,0,0
443,0,0,0,0
444,0,0,0,0
445,0,0,0,0
446,0,0,0,0
447,30,1,0,0
448,0,0,0,0
449,0,0,0,0
450,60,2,0,0
451,60,0,0,2
452,30,1,0,0
453,0,0,0,0
454,60,0,0,2
455,60,2,0,0
456,0,0,0,0
457,0,0,0,0
458,0,0,0,0
459,0,0,0,0
460,60,1,0,1
461,90,0,0,3
462,0,0,0,0
463,0,0,0,0
464,90,2,0,1
465,0,0,0,0
466,30,0,1,0
467,30,1,0,0
468,0,0,0,0
469,90,1,0,1
470,0,0,0,0
471,30,1,0,0
472,30,0,0,1
473,0,0,0,0
474,0,0,0,0
475,0,0,0,0
476,30,0,0,1
477,0,0,0,0
478,270,5,0,3
479,0,0,0,0
480,30,0,1,0
481,60,2,0,0
482,0,0,0,0
483,30,0,1,0
484,60,0,0,2
485,0,0,0,0
486,0,0,0,0
487,90,1,0,2
488,30,0,0,1
489,30,1,0,0
490,30,0,0,1
491,0,0,0,0
492,30,1,0,0
493,0,0,0,0
494,60,0,0,2
495,0,0,0,0
496,0,0,0,0
497,0,0,0,0
498,30,0,0,1
499,90,1,0,2
500,0,0,0,0
501,0,0,0,0
502,0,0,0,0
503,90,3,0,0
504,120,2,0,2
505,0,0,0,0
506,0,0,0,0
507,120,0,4,0
508,0,0,0,0
509,60,1,1,0
510,150,1,1,1
511,0,0,0,0
512,0,0,0,0
513,60,0,0,2
514,60,2,0,0
515,60,2,0,0
516,0,0,0,0
517,60,2,0,0
518,30,0,0,1
519,0,0,0,0
520,30,0,0,1
521,120,0,2,2
522,60,2,0,0
523,60,0,0,2
524,30,0,1,0
525,0,0,0,0
526,0,0,0,0
527,0,0,0,0
528,150,2,2,1
529,0,0,0,0
530,0,0,0,0
531,0,0,0,0
532,0,0,0,0
533,0,0,0,0
534,0,0,0,0
535,30,1,0,0
536,60,0,2,0
537,30,1,0,0
538,0,0,0,0
539,30,0,1,0
540,30,0,0,1
541,0,0,0,0
542,0,0,0,0
543,0,0,0,0
544,120,2,0,2
545,0,0,0,0
546,60,0,1,1
547,0,0,0,0
548,0,0,0,0
549,60,0,0,2
550,30,0,0,1
551,0,0,0,0
552,90,0,2,1
553,30,1,0,0
554,0,0,0,0
555,0,0,0,0
556,0,0,0,0
557,0,0,0,0
558,0,0,0,0
559,0,0,0,0
560,120,1,0,3
561,0,0,0,0
562,30,0,0,1
563,0,0,0,0
564,30,0,1,0
565,60,0,1,1
566,60,0,1,1
567,30,0,1,0
568,30,0,1,0
569,30,1,0,0
570,90,2,0,1
571,0,0,0,0
572,0,0,0,0
573,0,0,0,0
574,0,0,0,0
575,0,0,0,0
576,0,0,0,0
577,30,0,1,0
578,30,0,0,1
579,30,1,0,0
580,0,0,0,0
581,0,0,0,0
582,0,0,0,0
583,30,0,0,1
584,0,0,0,0
585,0,0,0,0
586,0,0,0,0
587,0,0,0,0
588,0,0,0,0
589,30,1,0,0
590,0,0,0,0
591,30,0,0,1
592,0,0,0,0
593,0,0,0,0
594,30,0,0,1
595,0,0,0,0
596,90,1,2,0
597,60,0,0,2
598,0,0,0,0
599,60,0,0,2
600,30,0,0,1
601,0,0,0,0
602,0,0,0,0
603,0,0,0,0
604,60,0,1,1
605,0,0,0,0
606,0,0,0,0
607,30,0,0,1
608,0,0,0,0
609,0,0,0,0
610,0,0,0,0
611,0,0,0,0
612,30,0,1,0
613,150,2,3,0
614,0,0,0,0
615,0,0,0,0
616,120,2,1,1
617,60,0,2,0
618,60,0,2,0
619,0,0,0,0
620,0,0,0,0
621,30,1,0,0
622,90,0,2,1
623,0,0,0,0
624,0,0,0,0
625,0,0,0,0
626,0,0,0,0
627,0,0,0,0
628,120,0,2,2
629,0,0,0,0
630,0,0,0,0
631,0,0,0,0
632,0,0,0,0
633,0,0,0,0
634,0,0,0,0
635,0,0,0,0
636,90,0,1,2
637,0,0,0,0
638,30,1,0,0
639,30,0,1,0
640,30,0,0,1
641,150,0,3,2
642,30,0,1,0
643,0,0,0,0
644,30,0,1,0
645,30,1,0,0
646,30,0,1,0
647,0,0,0,0
648,60,0,0,2
649,0,0,0,0
650,30,0,1,0
651,120,0,2,2
652,30,0,0,1
653,30,0,1,0
654,0,0,0,0
655,0,0,0,0
656,60,0,0,2
657,30,1,0,0
658,0,0,0,0
659,0,0,0,0
660,60,2,0,0
661,0,0,0,0
662,0,0,0,0
663,30,1,0,0
664,0,0,0,0
665,90,1,1,1
666,30,1,0,0
667,90,2,0,0
668,30,1,0,0
669,0,0,0,0
670,60,1,1,0
671,30,1,0,0
672,0,0,0,0
673,30,0,1,0
674,0,0,0,0
675,0,0,0,0
676,90,3,0,0
677,30,0,1,0
678,30,0,1,0
679,150,0,1,3
680,180,2,2,1
681,0,0,0,0
682,30,0,0,1
683,120,1,0,3
684,0,0,0,0
685,0,0,0,0
686,30,0,0,1
687,0,0,0,0
688,60,0,2,0
689,90,0,0,3
690,0,0,0,0
691,0,0,0,0
692,0,0,0,0
693,0,0,0,0
694,0,0,0,0
695,60,0,2,0
696,60,0,0,2
697,30,0,0,1
698,90,0,3,0
699,0,0,0,0
700,30,1,0,0
701,30,0,0,1
702,120,0,0,4
703,30,0,1,0
704,120,4,0,0
705,60,0,1,1
706,30,0,0,1
707,30,0,0,1
708,30,1,0,0
709,0,0,0,0
710,30,0,0,1
711,60,1,0,1
712,30,0,1,0
713,120,0,2,2
714,60,0,0,2
715,0,0,0,0
716,0,0,0,0
717,0,0,0,0
718,30,0,1,0
719,90,0,0,3
720,90,1,0,2
721,120,0,0,4
722,0,0,0,0
723,0,0,0,0
724,30,0,0,1
725,60,1,1,0
726,30,1,0,0
727,0,0,0,0
728,60,2,0,0
729,60,2,0,0
730,0,0,0,0
731,0,0,0,0
732,0,0,0,0
733,30,0,0,1
734,30,0,0,1
735,30,1,0,0
736,60,2,0,0
737,30,1,0,0
738,30,0,0,1
739,0,0,0,0
740,60,1,1,0
741,90,3,0,0
742,120,2,0,2
743,150,3,2,0
744,60,0,2,0
745,0,0,0,0
746,150,0,5,0
747,30,0,1,0
748,30,0,1,0
749,90,0,3,0
750,120,2,2,0
751,0,0,0,0
752,30,0,0,1
753,0,0,0,0
754,0,0,0,0
755,30,0,1,0
756,60,2,0,0
757,0,0,0,0
758,30,1,0,0
759,150,0,3,2
760,180,0,2,4
761,0,0,0,0
762,30,0,0,1
763,0,0,0,0
764,0,0,0,0
765,60,0,2,0
766,30,0,0,1
767,60,0,1,1
768,150,2,1,1
769,0,0,0,0
770,90,1,2,0
771,0,0,0,0
772,150,1,4,0
773,0,0,0,0
774,0,0,0,0
775,0,0,0,0
776,0,0,0,0
777,0,0,0,0
778,60,0,0,2
779,0,0,0,0
780,0,0,0,0
781,60,0,2,0
782,0,0,0,0
783,60,0,1,1
784,120,1,2,1
785,0,0,0,0
786,0,0,0,0
787,90,1,0,1
788,0,0,0,0
789,60,0,2,0
790,60,0,0,2
791,90,3,0,0
792,0,0,0,0
793,30,0,0,1
794,0,0,0,0
795,30,0,0,1
796,30,0,0,1
797,300,4,3,2
798,30,0,0,1
799,30,0,0,1
800,30,0,1,0
801,0,0,0,0
802,0,0,0,0
803,0,0,0,0
804,30,0,0,1
805,0,0,0,0
806,150,2,0,0
807,0,0,0,0
808,0,0,0,0
809,0,0,0,0
810,0,0,0,0
811,30,0,0,1
812,120,2,0,1
813,60,0,2,0
814,0,0,0,0
815,30,0,1,0
816,0,0,0,0
817,30,0,0,1
818,30,0,1,0
819,60,0,0,2
820,0,0,0,0
821,30,1,0,0
822,0,0,0,0
823,60,0,1,1
824,90,3,0,0
825,0,0,0,0
826,60,0,0,2
827,0,0,0,0
828,0,0,0,0
829,0,0,0,0
830,30,0,1,0
831,0,0,0,0
832,90,1,2,0
833,30,0,1,0
834,120,1,0,3
835,0,0,0,0
836,0,0,0,0
837,30,1,0,0
838,30,0,1,0
839,60,1,0,1
840,30,0,0,1
841,0,0,0,0
842,90,1,0,2
843,0,0,0,0
844,0,0,0,0
845,0,0,0,0
846,30,1,0,0
847,0,0,0,0
848,0,0,0,0
849,60,0,0,2
850,90,2,1,0
851,0,0,0,0
852,0,0,0,0
853,30,0,0,1
854,0,0,0,0
855,30,1,0,0
856,60,0,0,2
857,0,0,0,0
858,0,0,0,0
859,30,0,0,1
860,60,0,0,2
861,30,1,0,0
862,0,0,0,0
863,0,0,0,0
864,120,0,0,4
865,30,0,1,0
866,0,0,0,0
867,0,0,0,0
868,30,0,1,0
869,30,0,0,1
870,30,1,0,0
871,30,0,0,1
872,0,0,0,0
873,0,0,0,0
874,90,3,0,0
875,30,0,1,0
876,30,0,1,0
877,0,0,0,0
878,0,0,0,0
879,0,0,0,0
880,0,0,0,0
881,30,0,0,1
882,60,0,1,1
883,0,0,0,0
884,30,0,0,1
885,0,0,0,0
886,0,0,0,0
887,90,2,1,0
888,0,0,0,0
889,0,0,0,0
890,30,0,1,0
891,0,0,0,0
892,60,1,0,1
893,30,0,1,0
894,30,0,0,1
895,30,0,0,1
896,0,0,0,0
897,30,0,1,0
898,0,0,0,0
899,120,1,3,0
900,60,0,2,0
901,30,0,1,0
902,0,0,0,0
903,0,0,0,0
904,150,4,1,0
905,30,0,0,1
906,60,0,2,0
907,0,0,0,0
908,180,0,6,0
909,60,0,0,2
910,0,0,0,0
911,30,0,0,1
912,0,0,0,0
913,0,0,0,0
914,0,0,0,0
915,60,0,2,0
916,0,0,0,0
917,0,0,0,0
918,0,0,0,0
919,60,0,2,0
920,0,0,0,0
921,0,0,0,0
922,30,0,0,1
923,30,1,0,0
924,60,0,2,0
925,0,0,0,0
926,120,3,1,0
927,30,1,0,0
928,30,0,0,1
929,30,0,0,1
930,60,2,0,0
931,30,0,1,0
932,0,0,0,0
933,0,0,0,0
934,60,2,0,0
935,0,0,0,0
936,30,0,1,0
937,0,0,0,0
938,0,0,0,0
939,30,0,1,0
940,60,0,2,0
941,0,0,0,0
942,0,0,0,0
943,30,0,1,0
944,0,0,0,0
945,150,2,2,0
946,270,0,9,0
947,30,1,0,0
948,90,0,1,2
949,60,0,0,2
950,0,0,0,0
951,0,0,0,0
952,0,0,0,0
953,0,0,0,0
954,180,2,4,0
955,30,0,1,0
956,150,4,0,1
957,60,0,2,0
958,120,0,4,0
959,0,0,0,0
960,0,0,0,0
961,0,0,0,0
962,0,0,0,0
963,0,0,0,0
964,30,1,0,0
965,0,0,0,0
966,90,1,2,0
967,0,0,0,0
968,60,0,0,2
969,60,0,2,0
970,30,0,0,1
971,90,0,0,3
972,30,0,1,0
973,0,0,0,0
974,0,0,0,0
975,0,0,0,0
976,30,0,1,0
977,0,0,0,0
978,60,0,2,0
979,0,0,0,0
980,0,0,0,0
981,0,0,0,0
982,0,0,0,0
983,30,0,0,1
984,0,0,0,0
985,0,0,0,0
986,60,1,0,0
987,0,0,0,0
988,0,0,0,0
989,0,0,0,0
990,0,0,0,0
991,0,0,0,0
992,0,0,0,0
993,60,0,2,0
994,30,0,1,0
995,0,0,0,0
996,0,0,0,0
997,60,2,0,0
998,30,1,0,0
999,60,2,0,0
1000,90,2,1,0
1001,60,0,2,0
1002,30,0,0,1
1003,0,0,0,0
1004,0,0,0,0
1005,60,1,0,1
1006,0,0,0,0
1007,0,0,0,0
1008,0,0,0,0
1009,0,0,0,0
1010,30,0,0,1
1011,120,2,2,0
1012,0,0,0,0
1013,0,0,0,0
1014,60,0,0,2
1015,30,0,0,1
1016,60,2,0,0
1017,0,0,0,0
1018,0,0,0,0
1019,0,0,0,0
1020,60,0,0,2
1021,210,0,5,2
1022,270,0,8,1
1023,0,0,0,0
1024,30,0,1,0
1025,0,0,0,0
1026,210,6,0,0
1027,0,0,0,0
1028,60,0,0,2
1029,60,0,0,2
1030,30,0,1,0
1031,60,0,2,0
1032,0,0,0,0
1033,0,0,0,0
1034,0,0,0,0
1035,0,0,0,0
1036,0,0,0,0
1037,0,0,0,0
1038,120,1,3,0
1039,0,0,0,0
1040,30,1,0,0
1041,0,0,0,0
1042,60,1,0,1
1043,0,0,0,0
1044,30,0,1,0
1045,0,0,0,0
1046,150,2,3,0
1047,0,0,0,0
1048,60,0,2,0
1049,60,1,1,0
1050,0,0,0,0
1051,60,1,0,1
1052,0,0,0,0
1053,0,0,0,0
1054,60,0,2,0
1055,0,0,0,0
1056,0,0,0,0
1057,0,0,0,0
1058,30,1,0,0
1059,0,0,0,0
1060,180,1,4,0
1061,0,0,0,0
1062,0,0,0,0
1063,0,0,0,0
1064,0,0,0,0
1065,0,0,0,0
1066,0,0,0,0
1067,30,1,0,0
1068,0,0,0,0
1069,0,0,0,0
1070,0,0,0,0
1071,0,0,0,0
1072,30,0,1,0
1073,90,2,1,0
1074,0,0,0,0
1075,0,0,0,0
1076,60,2,0,0
1077,150,1,1,2
1078,0,0,0,0
1079,60,0,1,1
1080,0,0,0,0
1081,0,0,0,0
1082,0,0,0,0
1083,90,2,0,0
1084,30,1,0,0
1085,0,0,0,0
1086,0,0,0,0
1087,0,0,0,0
1088,30,1,0,0
1089,60,1,0,0
1090,0,0,0,0
1091,90,0,3,0
1092,0,0,0,0
1093,90,1,2,0
1094,0,0,0,0
1095,30,0,0,1
1096,60,0,2,0
1097,0,0,0,0
1098,30,0,1,0
1099,0,0,0,0
1100,60,0,0,2
1101,0,0,0,0
1102,30,0,1,0
1103,60,0,2,0
1104,0,0,0,0
1105,60,0,2,0
1106,0,0,0,0
1107,60,0,0,2
1108,0,0,0,0
1109,30,0,0,1
1110,30,1,0,0
1111,0,0,0,0
1112,60,0,0,2
1113,0,0,0,0
1114,0,0,0,0
1115,0,0,0,0
1116,60,1,1,0
1117,0,0,0,0
1118,150,1,4,0
1119,0,0,0,0
1120,90,0,0,3
1121,0,0,0,0
1122,60,0,0,2
1123,210,5,2,0
1124,60,0,2,0
1125,30,0,1,0
1126,0,0,0,0
1127,60,2,0,0
1128,30,1,0,0
1129,0,0,0,0
1130,60,0,0,2
1131,60,0,0,2
1132,30,0,1,0
1133,0,0,0,0
1134,0,0,0,0
1135,0,0,0,0
1136,30,1,0,0
1137,90,2,1,0
1138,0,0,0,0
1139,0,0,0,0
1140,0,0,0,0
1141,0,0,0,0
1142,60,0,1,1
1143,30,1,0,0
1144,30,0,0,1
1145,30,0,1,0
1146,0,0,0,0
1147,120,2,0,2
1148,0,0,0,0
1149,30,0,0,1
1150,0,0,0,0
1151,0,0,0,0
1152,30,0,1,0
1153,0,0,0,0
1154,0,0,0,0
1155,0,0,0,0
1156,0,0,0,0
1157,90,0,0,3
1158,90,0,2,1
1159,0,0,0,0
1160,0,0,0,0
1161,60,2,0,0
1162,0,0,0,0
1163,0,0,0,0
1164,30,0,1,0
1165,60,0,0,2
1166,0,0,0,0
1167,60,0,0,2
1168,0,0,0,0
1169,30,0,1,0
1170,120,0,2,2
1171,30,0,0,1
1172,0,0,0,0
1173,0,0,0,0
1174,30,0,1,0
1175,0,0,0,0
1176,0,0,0,0
1177,30,0,1,0
1178,30,0,0,1
1179,30,1,0,0
1180,60,0,0,2
1181,0,0,0,0
1182,0,0,0,0
1183,0,0,0,0
1184,0,0,0,0
1185,60,0,0,2
1186,30,0,0,1
1187,60,0,0,2
1188,0,0,0,0
1189,0,0,0,0
1190,0,0,0,0
1191,0,0,0,0
1192,30,1,0,0
1193,60,2,0,0
1194,0,0,0,0
1195,0,0,0,0
1196,90,2,1,0
1197,0,0,0,0
1198,0,0,0,0
1199,0,0,0,0
1200,0,0,0,0
1201,90,2,0,0
1202,0,0,0,0
1203,0,0,0,0
1204,0,0,0,0
1205,0,0,0,0
1206,90,0,1,2
1207,30,0,0,1
1208,60,1,1,0
1209,30,0,0,1
1210,30,0,0,1
1211,30,0,1,0
1212,30,0,0,1
1213,60,2,0,0
1214,60,2,0,0
1215,30,0,0,1
1216,0,0,0,0
1217,0,0,0,0
1218,0,0,0,0
1219,30,0,0,1
1220,60,1,1,0
1221,0,0,0,0
1222,0,0,0,0
1223,30,1,0,0
1224,60,0,2,0
1225,0,0,0,0
1226,0,0,0,0
1227,60,0,0,2
1228,90,0,3,0
1229,0,0,0,0
1230,60,0,0,2
1231,30,0,1,0
1232,30,0,0,1
1233,0,0,0,0
1234,0,0,0,0
1235,30,0,0,1
1236,0,0,0,0
1237,300,4,1,4
1238,30,0,1,0
1239,0,0,0,0
1240,90,2,0,1
1241,60,1,1,0
1242,0,0,0,0
1243,60,0,2,0
1244,30,0,1,0
1245,90,2,1,0
1246,30,0,0,1
1247,0,0,0,0
1248,0,0,0,0
1249,0,0,0,0
1250,0,0,0,0
1251,0,0,0,0
1252,30,0,1,0
1253,30,0,0,1
1254,0,0,0,0
1255,30,0,1,0
1256,0,0,0,0
1257,0,0,0,0
1258,90,2,0,1
1259,90,2,1,0
1260,90,1,2,0
1261,0,0,0,0
1262,330,5,1,4
1263,30,0,0,1
1264,0,0,0,0
1265,120,2,2,0
1266,60,0,2,0
1267,60,0,2,0
1268,0,0,0,0
1269,0,0,0,0
1270,0,0,0,0
1271,0,0,0,0
1272,0,0,0,0
1273,0,0,0,0
1274,0,0,0,0
1275,0,0,0,0
1276,0,0,0,0
1277,0,0,0,0
1278,120,3,0,0
1279,240,5,0,2
1280,0,0,0,0
1281,30,0,0,1
1282,90,0,0,3
1283,0,0,0,0
1284,90,0,1,2
1285,0,0,0,0
1286,60,0,1,1
1287,60,2,0,0
1288,60,0,2,0
1289,0,0,0,0
1290,0,0,0,0
1291,0,0,0,0
1292,90,0,2,1
1293,30,0,1,0
1294,30,0,0,1
1295,0,0,0,0
1296,30,0,1,0
1297,0,0,0,0
1298,30,0,1,0
1299,30,1,0,0
1300,0,0,0,0
1301,0,0,0,0
1302,0,0,0,0
1303,0,0,0,0
1304,30,0,0,1
1305,60,2,0,0
1306,0,0,0,0
1307,60,1,0,1
1308,90,0,2,1
1309,0,0,0,0
1310,0,0,0,0
1311,0,0,0,0
1312,0,0,0,0
1313,60,0,0,2
1314,0,0,0,0
1315,0,0,0,0
1316,30,0,1,0
1317,30,0,1,0
1318,0,0,0,0
1319,0,0,0,0
1320,30,0,1,0
1321,30,0,1,0
1322,120,2,0,2
1323,0,0,0,0
1324,30,1,0,0
1325,30,0,0,1
1326,60,0,2,0
1327,0,0,0,0
1328,0,0,0,0
1329,30,0,1,0
1330,0,0,0,0
1331,60,0,2,0
1332,90,0,3,0
1333,30,1,0,0
1334,0,0,0,0
1335,60,0,0,2
1336,0,0,0,0
1337,60,2,0,0
1338,30,0,1,0
1339,30,1,0,0
1340,0,0,0,0
1341,0,0,0,0
1342,30,1,0,0
1343,30,0,1,0
1344,60,1,1,0
1345,30,0,0,1
1346,0,0,0,0
1347,30,0,1,0
1348,90,0,1,2
1349,0,0,0,0
1350,0,0,0,0
1351,30,0,1,0
1352,90,0,3,0
1353,0,0,0,0
1354,120,0,2,2
1355,30,0,1,0
1356,60,0,0,2
1357,30,0,0,1
1358,0,0,0,0
1359,60,0,2,0
1360,0,0,0,0
1361,210,5,0,0
1362,0,0,0,0
1363,0,0,0,0
1364,30,0,0,1
1365,0,0,0,0
1366,60,0,0,2
1367,30,0,1,0
1368,150,0,5,0
1369,0,0,0,0
1370,30,0,1,0
1371,0,0,0,0
1372,60,0,2,0
1373,0,0,0,0
1374,120,0,2,2
1375,60,0,2,0
1376,0,0,0,0
1377,30,0,0,1
1378,0,0,0,0
1379,30,0,0,1
1380,0,0,0,0
1381,0,0,0,0
1382,60,2,0,0
1383,30,0,1,0
1384,60,0,2,0
1385,90,0,1,2
1386,90,2,1,0
1387,90,0,0,3
1388,0,0,0,0
1389,30,0,1,0
1390,90,0,1,1
1391,0,0,0,0
1392,30,1,0,0
1393,30,0,1,0
1394,60,2,0,0
1395,30,1,0,0
1396,60,2,0,0
1397,30,0,0,1
1398,180,0,2,4
1399,0,0,0,0
1400,60,0,2,0
1401,0,0,0,0
1402,0,0,0,0
1403,0,0,0,0
1404,60,0,2,0
1405,60,0,2,0
1406,0,0,0,0
1407,0,0,0,0
1408,60,0,2,0
1409,60,0,0,2
1410,0,0,0,0
1411,0,0,0,0
1412,0,0,0,0
1413,0,0,0,0
1414,60,0,2,0
1415,120,2,1,1
1416,0,0,0,0
1417,180,0,5,1
1418,60,2,0,0
1419,90,0,1,2
1420,90,0,2,1
1421,0,0,0,0
1422,120,0,0,4
1423,0,0,0,0
1424,30,1,0,0
1425,0,0,0,0
1426,60,0,2,0
1427,30,1,0,0
1428,30,1,0,0
1429,30,1,0,0
1430,60,2,0,0
1431,90,0,2,1
1432,0,0,0,0
1433,90,0,1,2
1434,0,0,0,0
1435,0,0,0,0
1436,0,0,0,0
1437,30,1,0,0
1438,60,0,2,0
1439,0,0,0,0
1440,0,0,0,0
1441,30,0,0,1
1442,0,0,0,0
1443,30,1,0,0
1444,90,2,0,1
1445,30,0,0,1
1446,0,0,0,0
1447,0,0,0,0
1448,0,0,0,0
1449,30,0,0,1
1450,0,0,0,0
1451,0,0,0,0
1452,60,0,0,2
1453,0,0,0,0
1454,0,0,0,0
1455,30,0,1,0
1456,0,0,0,0
1457,0,0,0,0
1458,0,0,0,0
1459,0,0,0,0
1460,90,2,0,0
1461,30,0,0,1
1462,0,0,0,0
1463,0,0,0,0
1464,150,1,3,1
1465,0,0,0,0
1466,60,0,2,0
1467,30,1,0,0
1468,30,1,0,0
1469,60,2,0,0
1470,120,1,3,0
1471,90,1,2,0
1472,60,0,0,2
1473,0,0,0,0
1474,60,0,2,0
1475,30,0,1,0
1476,0,0,0,0
1477,120,0,1,2
1478,0,0,0,0
1479,30,0,1,0
1480,0,0,0,0
1481,30,0,0,1
1482,60,0,0,2
1483,0,0,0,0
1484,30,0,0,1
1485,30,0,1,0
1486,30,0,0,1
1487,60,0,2,0
1488,90,0,3,0
1489,90,0,0,3
1490,0,0,0,0
1491,90,1,0,2
1492,0,0,0,0
1493,0,0,0,0
1494,60,0,0,2
1495,0,0,0,0
1496,0,0,0,0
1497,90,2,1,0
1498,30,0,0,1
1499,30,0,1,0
1500,270,0,9,0
1501,30,0,0,1
1502,0,0,0,0
1503,120,2,0,0
1504,0,0,0,0
1505,0,0,0,0
1506,30,1,0,0
1507,0,0,0,0
1508,60,2,0,0
1509,90,0,1,2
1510,0,0,0,0
1511,30,0,0,1
1512,0,0,0,0
1513,60,1,1,0
1514,0,0,0,0
1515,30,0,1,0
1516,0,0,0,0
1517,60,0,0,2
1518,0,0,0,0
1519,150,2,3,0
1520,0,0,0,0
1521,0,0,0,0
1522,30,0,0,1
1523,30,0,0,1
1524,30,0,0,1
1525,0,0,0,0
1526,0,0,0,0
1527,0,0,0,0
1528,0,0,0,0
1529,0,0,0,0
1530,30,0,0,1
1531,30,0,1,0
1532,60,2,0,0
1533,150,0,3,2
1534,0,0,0,0
1535,30,1,0,0
1536,90,1,2,0
1537,0,0,0,0
1538,0,0,0,0
1539,0,0,0,0
1540,90,0,2,1
1541,30,0,0,1
1542,0,0,0,0
1543,0,0,0,0
1544,0,0,0,0
1545,0,0,0,0
1546,90,2,1,0
1547,60,1,0,0
1548,60,0,2,0
1549,0,0,0,0
1550,0,0,0,0
1551,0,0,0,0
1552,90,0,3,0
1553,30,0,0,1
1554,0,0,0,0
1555,0,0,0,0
1556,0,0,0,0
1557,270,3,0,4
1558,0,0,0,0
1559,180,2,0,2
1560,0,0,0,0
1561,60,1,1,0
1562,30,1,0,0
1563,30,0,0,1
1564,0,0,0,0
1565,120,0,2,0
1566,30,1,0,0
1567,30,0,1,0
1568,0,0,0,0
1569,0,0,0,0
1570,30,0,1,0
1571,0,0,0,0
1572,30,0,0,1
1573,30,0,1,0
1574,0,0,0,0
1575,210,0,7,0
1576,90,0,3,0
1577,30,1,0,0
1578,60,0,2,0
1579,0,0,0,0
1580,60,0,2,0
1581,60,0,0,2
1582,120,1,1,2
1583,0,0,0,0
1584,0,0,0,0
1585,120,0,4,0
1586,30,0,1,0
1587,0,0,0,0
1588,30,0,0,1
1589,0,0,0,0
1590,90,0,2,0
1591,30,0,0,1
1592,30,0,1,0
1593,0,0,0,0
1594,0,0,0,0
1595,60,0,1,0
1596,0,0,0,0
1597,0,0,0,0
1598,0,0,0,0
1599,0,0,0,0
1600,0,0,0,0
1601,0,0,0,0
1602,0,0,0,0
1603,30,0,0,1
1604,60,0,0,2
1605,0,0,0,0
1606,60,0,2,0
1607,0,0,0,0
1608,90,3,0,0
1609,0,0,0,0
1610,60,1,1,0
1611,30,0,1,0
1612,0,0,0,0
1613,120,0,4,0
1614,120,0,4,0
1615,0,0,0,0
1616,60,0,1,1
1617,180,1,3,2
1618,240,5,2,1
1619,0,0,0,0
1620,30,0,0,1
1621,60,0,0,2
1622,60,0,2,0
1623,0,0,0,0
1624,30,0,0,1
1625,0,0,0,0
1626,30,0,0,1
1627,0,0,0,0
1628,90,3,0,0
1629,60,0,0,2
1630,0,0,0,0
1631,0,0,0,0
1632,30,1,0,0
1633,60,0,0,2
1634,120,1,2,1
1635,60,0,0,2
1636,0,0,0,0
1637,90,1,0,2
1638,0,0,0,0
1639,0,0,0,0
1640,60,0,0,2
1641,0,0,0,0
1642,0,0,0,0
1643,0,0,0,0
1644,0,0,0,0
1645,90,0,0,3
1646,0,0,0,0
1647,30,1,0,0
1648,30,1,0,0
1649,0,0,0,0
1650,0,0,0,0
1651,60,0,0,2
1652,90,0,0,3
1653,0,0,0,0
1654,0,0,0,0
1655,0,0,0,0
1656,60,0,2,0
1657,30,0,0,1
1658,0,0,0,0
1659,60,0,0,2
1660,60,0,2,0
1661,0,0,0,0
1662,120,2,1,1
1663,30,0,0,1
1664,30,0,0,1
1665,0,0,0,0
1666,90,2,0,1
1667,90,0,0,3
1668,0,0,0,0
1669,120,0,0,4
1670,150,0,4,1
1671,30,0,0,1
1672,30,1,0,0
1673,60,2,0,0
1674,0,0,0,0
1675,0,0,0,0
1676,60,0,2,0
1677,0,0,0,0
1678,30,0,1,0
1679,0,0,0,0
1680,30,1,0,0
1681,0,0,0,0
1682,0,0,0,0
1683,0,0,0,0
1684,0,0,0,0
1685,150,0,3,2
1686,0,0,0,0
1687,60,2,0,0
1688,30,0,1,0
1689,60,0,0,2
1690,0,0,0,0
1691,0,0,0,0
1692,30,1,0,0
1693,30,1,0,0
1694,0,0,0,0
1695,0,0,0,0
1696,0,0,0,0
1697,0,0,0,0
1698,120,2,1,0
1699,90,0,3,0
1700,0,0,0,0
1701,30,0,1,0
1702,0,0,0,0
1703,90,1,2,0
1704,30,0,0,1
1705,30,0,0,1
1706,0,0,0,0
1707,0,0,0,0
1708,0,0,0,0
1709,0,0,0,0
1710,0,0,0,0
1711,60,0,0,2
1712,150,0,5,0
1713,0,0,0,0
1714,120,0,0,4
1715,60,2,0,0
1716,60,0,1,1
1717,0,0,0,0
1718,0,0,0,0
1719,30,1,0,0
1720,0,0,0,0
1721,0,0,0,0
1722,0,0,0,0
1723,60,2,0,0
1724,120,2,2,0
1725,0,0,0,0
1726,0,0,0,0
1727,0,0,0,0
1728,30,0,0,1
1729,90,1,0,2
1730,30,1,0,0
1731,150,0,0,5
1732,180,0,6,0
1733,60,0,0,2
1734,0,0,0,0
1735,60,2,0,0
1736,0,0,0,0
1737,60,0,0,2
1738,0,0,0,0
1739,0,0,0,0
1740,0,0,0,0
1741,30,0,1,0
1742,0,0,0,0
1743,30,0,1,0
1744,0,0,0,0
1745,30,0,0,1
1746,30,0,1,0
1747,0,0,0,0
1748,0,0,0,0
1749,30,1,0,0
1750,0,0,0,0
1751,30,0,1,0
1752,0,0,0,0
1753,0,0,0,0
1754,60,0,2,0
1755,60,0,0,2
1756,0,0,0,0
1757,0,0,0,0
1758,0,0,0,0
1759,0,0,0,0
1760,30,0,0,1
1761,0,0,0,0
1762,60,2,0,0
1763,0,0,0,0
1764,60,0,2,0
1765,0,0,0,0
1766,0,0,0,0
1767,30,0,1,0
1768,30,0,0,1
1769,60,0,2,0
1770,0,0,0,0
1771,30,0,0,1
1772,30,0,0,1
1773,0,0,0,0
1774,0,0,0,0
1775,0,0,0,0
1776,30,0,0,1
1777,0,0,0,0
1778,0,0,0,0
1779,90,0,0,3
1780,0,0,0,0
1781,0,0,0,0
1782,150,2,3,0
1783,0,0,0,0
1784,120,0,0,4
1785,120,2,1,0
1786,0,0,0,0
1787,0,0,0,0
1788,60,0,0,2
1789,0,0,0,0
1790,60,0,0,2
1791,0,0,0,0
1792,90,1,0,2
1793,30,1,0,0
1794,90,1,2,0
1795,90,0,1,2
1796,0,0,0,0
1797,0,0,0,0
1798,0,0,0,0
1799,0,0,0,0
1800,90,0,0,3
1801,30,1,0,0
1802,30,0,0,1
1803,0,0,0,0
1804,0,0,0,0
1805,30,0,0,1
1806,30,0,1,0
1807,90,0,0,3
1808,30,0,1,0
1809,0,0,0,0
1810,30,0,0,1
1811,0,0,0,0
1812,120,0,4,0
1813,0,0,0,0
1814,30,0,0,1
1815,120,0,0,4
1816,30,0,1,0
1817,30,0,0,1
1818,60,1,0,1
1819,0,0,0,0
1820,0,0,0,0
1821,60,2,0,0
1822,30,0,0,1
1823,0,0,0,0
1824,0,0,0,0
1825,30,0,1,0
1826,0,0,0,0
1827,30,0,1,0
1828,30,0,0,1
1829,0,0,0,0
1830,90,1,1,1
1831,60,0,1,1
1832,30,1,0,0
1833,30,0,1,0
1834,120,0,1,2
1835,0,0,0,0
1836,30,0,1,0
1837,60,0,0,2
1838,0,0,0,0
1839,30,1,0,0
1840,0,0,0,0
1841,0,0,0,0
1842,0,0,0,0
1843,0,0,0,0
1844,0,0,0,0
1845,0,0,0,0
1846,0,0,0,0
1847,0,0,0,0
1848,60,1,0,1
1849,30,0,1,0
1850,0,0,0,0
1851,30,1,0,0
1852,0,0,0,0
1853,30,0,1,0
1854,30,0,0,1
1855,60,0,0,2
1856,30,0,0,1
1857,0,0,0,0
1858,0,0,0,0
1859,30,1,0,0
1860,60,2,0,0
1861,150,0,3,1
1862,30,0,1,0
1863,0,0,0,0
1864,0,0,0,0
1865,30,0,1,0
1866,30,1,0,0
1867,90,0,0,3
1868,0,0,0,0
1869,90,0,2,1
1870,0,0,0,0
1871,0,0,0,0
1872,90,3,0,0
1873,0,0,0,0
1874,0,0,0,0
1875,0,0,0,0
1876,0,0,0,0
1877,60,0,2,0
1878,60,2,0,0
1879,30,0,1,0
1880,0,0,0,0
1881,0,0,0,0
1882,0,0,0,0
1883,60,0,0,2
1884,0,0,0,0
1885,30,0,1,0
1886,0,0,0,0
1887,0,0,0,0
1888,0,0,0,0
1889,0,0,0,0
1890,90,1,2,0
1891,0,0,0,0
1892,120,4,0,0
1893,60,0,0,2
1894,0,0,0,0
1895,0,0,0,0
1896,60,0,0,2
1897,0,0,0,0
1898,30,0,1,0
1899,0,0,0,0
1900,0,0,0,0
1901,60,0,2,0
1902,0,0,0,0
1903,120,1,0,2
1904,120,0,4,0
1905,0,0,0,0
1906,60,0,0,2
1907,0,0,0,0
1908,0,0,0,0
1909,0,0,0,0
1910,0,0,0,0
1911,30,0,0,1
1912,60,2,0,0
1913,0,0,0,0
1914,0,0,0,0
1915,90,0,3,0
1916,30,0,0,1
1917,90,2,1,0
1918,0,0,0,0
1919,90,1,0,2
1920,0,0,0,0
1921,90,1,0,2
1922,0,0,0,0
1923,0,0,0,0
1924,60,0,2,0
1925,60,0,0,2
1926,0,0,0,0
1927,210,1,0,6
1928,180,0,0,6
1929,0,0,0,0
1930,60,1,1,0
1931,0,0,0,0
1932,60,0,0,2
1933,90,0,3,0
1934,90,2,1,0
1935,0,0,0,0
1936,30,1,0,0
1937,0,0,0,0
1938,60,0,0,2
1939,30,0,0,1
1940,0,0,0,0
1941,60,0,2,0
1942,30,0,0,1
1943,30,1,0,0
1944,0,0,0,0
1945,60,0,0,2
1946,90,3,0,0
1947,30,0,0,1
1948,0,0,0,0
1949,60,0,2,0
1950,150,1,2,0
1951,0,0,0,0
1952,0,0,0,0
1953,0,0,0,0
1954,90,0,3,0
1955,0,0,0,0
1956,120,0,2,2
1957,60,2,0,0
1958,0,0,0,0
1959,0,0,0,0
1960,0,0,0,0
1961,60,2,0,0
1962,60,0,2,0
1963,30,0,0,1
1964,0,0,0,0
1965,30,1,0,0
1966,0,0,0,0
1967,0,0,0,0
1968,0,0,0,0
1969,0,0,0,0
1970,30,0,0,1
1971,30,0,0,1
1972,60,0,0,2
1973,60,0,2,0
1974,30,1,0,0
1975,30,0,1,0
1976,30,0,0,1
1977,0,0,0,0
1978,120,0,2,2
1979,0,0,0,0
1980,0,0,0,0
1981,60,0,1,1
1982,0,0,0,0
1983,0,0,0,0
1984,30,0,1,0
1985,30,0,0,1
1986,0,0,0,0
1987,0,0,0,0
1988,60,2,0,0
1989,0,0,0,0
1990,0,0,0,0
1991,60,1,0,1
1992,30,0,1,0
1993,60,2,0,0
1994,0,0,0,0
1995,270,2,6,0
1996,0,0,0,0
1997,60,0,0,2
1998,0,0,0,0
1999,60,0,0,2
