episode_reward_max,episode_reward_min,episode_reward_mean,episode_len_mean,episodes_this_iter,timesteps_this_iter,done,timesteps_total,episodes_total,training_iteration,experiment_id,date,timestamp,time_this_iter_s,time_total_s,pid,hostname,node_ip,time_since_restore,timesteps_since_restore,iterations_since_restore,num_healthy_workers,trial_id,experiment_tag,policy_reward_min/policy_0,policy_reward_min/policy_1,policy_reward_min/policy_2,policy_reward_min/policy_3,policy_reward_max/policy_0,policy_reward_max/policy_1,policy_reward_max/policy_2,policy_reward_max/policy_3,policy_reward_mean/policy_0,policy_reward_mean/policy_1,policy_reward_mean/policy_2,policy_reward_mean/policy_3,sampler_perf/mean_env_wait_ms,sampler_perf/mean_processing_ms,sampler_perf/mean_inference_ms,info/num_steps_trained,info/num_steps_sampled,info/sample_time_ms,info/load_time_ms,info/grad_time_ms,info/update_time_ms,perf/cpu_util_percent,perf/ram_util_percent,info/learner/policy_0/cur_kl_coeff,info/learner/policy_0/cur_lr,info/learner/policy_0/total_loss,info/learner/policy_0/policy_loss,info/learner/policy_0/vf_loss,info/learner/policy_0/vf_explained_var,info/learner/policy_0/kl,info/learner/policy_0/entropy,info/learner/policy_0/entropy_coeff,info/learner/policy_1/cur_kl_coeff,info/learner/policy_1/cur_lr,info/learner/policy_1/total_loss,info/learner/policy_1/policy_loss,info/learner/policy_1/vf_loss,info/learner/policy_1/vf_explained_var,info/learner/policy_1/kl,info/learner/policy_1/entropy,info/learner/policy_1/entropy_coeff,info/learner/policy_2/cur_kl_coeff,info/learner/policy_2/cur_lr,info/learner/policy_2/total_loss,info/learner/policy_2/policy_loss,info/learner/policy_2/vf_loss,info/learner/policy_2/vf_explained_var,info/learner/policy_2/kl,info/learner/policy_2/entropy,info/learner/policy_2/entropy_coeff,info/learner/policy_3/cur_kl_coeff,info/learner/policy_3/cur_lr,info/learner/policy_3/total_loss,info/learner/policy_3/policy_loss,info/learner/policy_3/vf_loss,info/learner/policy_3/vf_explained_var,info/learner/policy_3/kl,info/learner/policy_3/entropy,info/learner/policy_3/entropy_coeff
4.0,0.0,0.47058823529411764,57.588235294117645,34,2000,False,2000,34,1,2dc24538b8f64619bce455646e44fe69,2020-01-20_14-06-13,1579525573,38.24052143096924,38.24052143096924,6060,fabien-GE62VR-6RF,192.168.0.15,38.24052143096924,2000,1,1,7cae6c8e,0,0.0,0.0,0.0,0.0,1.0,1.0,1.0,1.0,0.11764705882352941,0.11764705882352941,0.11764705882352941,0.11764705882352941,5.352111532353329,1.0713590853575288,3.4131583185686813,2000,2000,20184.997,1261.458,6346.704,9469.144,68.43620689655172,52.567241379310346,0.20000000298023224,0.0002500000118743628,-0.10614066,-0.10403853,0.010885994,0.2747994,0.06635892,2.6259906,0.009999999776482582,0.20000000298023224,0.0002500000118743628,-0.10865747,-0.10599901,0.01063168,0.2761448,0.06832589,2.6955328,0.009999999776482582,0.20000000298023224,0.0002500000118743628,-0.104906276,-0.103913866,0.010579809,0.29003638,0.072579205,2.6088054,0.009999999776482582,0.20000000298023224,0.0002500000118743628,-0.110226765,-0.1060039,0.010519911,0.29033726,0.06172178,2.7087138,0.009999999776482582
4.0,0.0,0.4444444444444444,62.12698412698413,29,2000,False,4000,63,2,2dc24538b8f64619bce455646e44fe69,2020-01-20_14-06-37,1579525597,23.561057567596436,61.801578998565674,6060,fabien-GE62VR-6RF,192.168.0.15,61.801578998565674,4000,2,1,7cae6c8e,0,0.0,0.0,0.0,0.0,1.0,1.0,1.0,1.0,0.1111111111111111,0.1111111111111111,0.1111111111111111,0.1111111111111111,5.364301716258911,1.0489853566669471,3.39170474195267,4000,4000,19852.837,694.414,5117.911,4743.361,72.1969696969697,55.14848484848485,0.30000001192092896,0.0002500000118743628,-0.113041535,-0.105754174,0.0070031653,0.40015006,0.041378807,2.6704159,0.009999999776482582,0.30000001192092896,0.0002500000118743628,-0.11789082,-0.108745284,0.007087162,0.3779744,0.036956884,2.7319765,0.009999999776482582,0.30000001192092896,0.0002500000118743628,-0.118896246,-0.11052899,0.0065130596,0.4501615,0.039642666,2.6773129,0.009999999776482582,0.30000001192092896,0.0002500000118743628,-0.12048244,-0.10894516,0.006745388,0.39320707,0.031046914,2.7596745,0.009999999776482582
4.0,0.0,0.68,59.92,37,2000,False,6000,100,3,2dc24538b8f64619bce455646e44fe69,2020-01-20_14-07-00,1579525620,23.735432386398315,85.53701138496399,6060,fabien-GE62VR-6RF,192.168.0.15,85.53701138496399,6000,3,1,7cae6c8e,0,0.0,0.0,0.0,0.0,1.0,1.0,1.0,1.0,0.17,0.17,0.17,0.17,5.364744725353765,1.0506570788387726,3.3761440932930977,6000,6000,19789.56,507.581,4716.575,3168.179,71.08235294117648,55.38823529411764,0.44999998807907104,0.0002500000118743628,-0.13589026,-0.14321774,0.017226456,0.4974273,0.038175136,2.7077777,0.009999999776482582,0.44999998807907104,0.0002500000118743628,-0.14134221,-0.14634877,0.01734604,0.49372143,0.033800423,2.7549655,0.009999999776482582,0.44999998807907104,0.0002500000118743628,-0.13740134,-0.14318332,0.017029244,0.49828064,0.034531377,2.6786382,0.009999999776482582,0.44999998807907104,0.0002500000118743628,-0.14150788,-0.1450792,0.016550537,0.5186788,0.032366876,2.7544312,0.009999999776482582
4.0,0.0,0.76,61.02,32,2000,False,8000,132,4,2dc24538b8f64619bce455646e44fe69,2020-01-20_14-07-24,1579525644,23.47594904899597,109.01296043395996,6060,fabien-GE62VR-6RF,192.168.0.15,109.01296043395996,8000,4,1,7cae6c8e,0,0.0,0.0,0.0,0.0,1.0,1.0,1.0,1.0,0.19,0.19,0.19,0.19,5.365486630796222,1.0425632630767623,3.3529407165427636,8000,8000,19702.332,412.199,4508.723,2380.511,71.22352941176472,55.561764705882354,0.675000011920929,0.0002500000118743628,-0.14742386,-0.14610179,0.009307243,0.5382056,0.024524802,2.7183566,0.009999999776482582,0.675000011920929,0.0002500000118743628,-0.1502895,-0.14839046,0.009034339,0.56653976,0.024634555,2.75617,0.009999999776482582,0.675000011920929,0.0002500000118743628,-0.14961849,-0.1484453,0.0084020095,0.59271896,0.026184794,2.7249947,0.009999999776482582,0.675000011920929,0.0002500000118743628,-0.15259428,-0.14937657,0.009431103,0.5453981,0.022366,2.7745867,0.009999999776482582
4.0,0.0,0.72,60.2,30,2000,False,10000,162,5,2dc24538b8f64619bce455646e44fe69,2020-01-20_14-07-47,1579525667,23.525270223617554,132.53823065757751,6060,fabien-GE62VR-6RF,192.168.0.15,132.53823065757751,10000,5,1,7cae6c8e,0,0.0,0.0,0.0,0.0,1.0,1.0,1.0,1.0,0.18,0.18,0.18,0.18,5.359904106432725,1.0452545914035536,3.3424570458772087,10000,10000,19656.445,355.143,4387.345,1907.854,70.71212121212122,55.74242424242424,1.0125000476837158,0.0002500000118743628,-0.16137126,-0.15705109,0.0036983748,0.47950733,0.019129843,2.738752,0.009999999776482582,1.0125000476837158,0.0002500000118743628,-0.15814608,-0.1535125,0.0038162563,0.4877517,0.01905116,2.7739143,0.009999999776482582,1.0125000476837158,0.0002500000118743628,-0.16483533,-0.15924776,0.0034346906,0.5387081,0.018210832,2.7460747,0.009999999776482582,1.0125000476837158,0.0002500000118743628,-0.16672991,-0.16147247,0.0036599678,0.50834024,0.01874552,2.7897239,0.009999999776482582
4.0,0.0,0.52,60.01,37,2000,False,12000,199,6,2dc24538b8f64619bce455646e44fe69,2020-01-20_14-08-11,1579525691,23.81275773048401,156.35098838806152,6060,fabien-GE62VR-6RF,192.168.0.15,156.35098838806152,12000,6,1,7cae6c8e,0,0.0,0.0,0.0,0.0,1.0,1.0,1.0,1.0,0.13,0.13,0.13,0.13,5.3566870181476745,1.0435416462303937,3.338642369419948,12000,12000,19677.854,316.899,4302.538,1592.702,71.96176470588236,55.94117647058823,1.0125000476837158,0.0002500000118743628,-0.12750801,-0.12726416,0.011851542,0.42651942,0.015276483,2.7562823,0.009999999776482582,1.0125000476837158,0.0002500000118743628,-0.13377313,-0.13347186,0.010965826,0.4874595,0.016175807,2.764511,0.009999999776482582,1.0125000476837158,0.0002500000118743628,-0.13552631,-0.13306183,0.009818316,0.5386247,0.015073044,2.7544274,0.009999999776482582,1.0125000476837158,0.0002500000118743628,-0.13328387,-0.1294935,0.009648386,0.5434215,0.014317621,2.7935338,0.009999999776482582
4.0,0.0,0.6,58.8,36,2000,False,14000,235,7,2dc24538b8f64619bce455646e44fe69,2020-01-20_14-08-35,1579525715,23.84282398223877,180.1938123703003,6060,fabien-GE62VR-6RF,192.168.0.15,180.1938123703003,14000,7,1,7cae6c8e,0,0.0,0.0,0.0,0.0,1.0,1.0,1.0,1.0,0.15,0.15,0.15,0.15,5.360316851656924,1.0473054573684728,3.3369181445742297,14000,14000,19691.803,290.731,4246.413,1367.542,71.06176470588237,56.44999999999999,1.0125000476837158,0.0002500000118743628,-0.1340459,-0.13382193,0.011147819,0.64940584,0.016087376,2.7660246,0.009999999776482582,1.0125000476837158,0.0002500000118743628,-0.1380757,-0.13896614,0.010958783,0.65683734,0.017539216,2.7826798,0.009999999776482582,1.0125000476837158,0.0002500000118743628,-0.13553879,-0.13682443,0.011020178,0.6658324,0.017528035,2.7481694,0.009999999776482582,1.0125000476837158,0.0002500000118743628,-0.13565841,-0.13412881,0.01056099,0.6801733,0.015597152,2.7882702,0.009999999776482582
4.0,0.0,0.76,54.97,36,2000,False,16000,271,8,2dc24538b8f64619bce455646e44fe69,2020-01-20_14-08-59,1579525739,23.61214780807495,203.80596017837524,6060,fabien-GE62VR-6RF,192.168.0.15,203.80596017837524,16000,8,1,7cae6c8e,0,0.0,0.0,0.0,0.0,1.0,1.0,1.0,1.0,0.19,0.19,0.19,0.19,5.361038600242619,1.055533593170783,3.3354383161056766,16000,16000,19677.617,270.481,4200.613,1198.886,71.39705882352939,56.38529411764706,1.0125000476837158,0.0002500000118743628,-0.14724967,-0.14947183,0.012359183,0.63444984,0.017135223,2.748643,0.009999999776482582,1.0125000476837158,0.0002500000118743628,-0.14323625,-0.14301847,0.01182164,0.64514256,0.015583571,2.7817783,0.009999999776482582,1.0125000476837158,0.0002500000118743628,-0.15060675,-0.15218456,0.0120091215,0.65802896,0.016842023,2.7483854,0.009999999776482582,1.0125000476837158,0.0002500000118743628,-0.1517023,-0.15174103,0.012152467,0.63915575,0.015607227,2.791604,0.009999999776482582
4.0,0.0,1.0,50.88,41,2000,False,18000,312,9,2dc24538b8f64619bce455646e44fe69,2020-01-20_14-09-23,1579525763,24.286654710769653,228.0926148891449,6060,fabien-GE62VR-6RF,192.168.0.15,228.0926148891449,18000,9,1,7cae6c8e,0,0.0,0.0,0.0,0.0,1.0,1.0,1.0,1.0,0.25,0.25,0.25,0.25,5.367502562315176,1.0664304265197027,3.333687786125432,18000,18000,19740.135,254.765,4166.577,1067.493,72.82,56.56285714285714,1.0125000476837158,0.0002500000118743628,-0.14391819,-0.15232074,0.01722684,0.6492504,0.0183588,2.7412572,0.009999999776482582,1.0125000476837158,0.0002500000118743628,-0.14157704,-0.14773022,0.01612771,0.67516416,0.017538708,2.773248,0.009999999776482582,1.0125000476837158,0.0002500000118743628,-0.14945471,-0.1572531,0.016440155,0.6813115,0.018400498,2.727228,0.009999999776482582,1.0125000476837158,0.0002500000118743628,-0.14999703,-0.15605219,0.016561087,0.6600185,0.017005432,2.7723925,0.009999999776482582
4.0,0.0,0.96,48.91,43,2000,False,20000,355,10,2dc24538b8f64619bce455646e44fe69,2020-01-20_14-09-47,1579525787,24.008973836898804,252.1015887260437,6060,fabien-GE62VR-6RF,192.168.0.15,252.1015887260437,20000,10,1,7cae6c8e,0,0.0,0.0,0.0,0.0,1.0,1.0,1.0,1.0,0.24,0.24,0.24,0.24,5.372426512552884,1.08091410518678,3.3342908073657695,20000,20000,19765.24,241.991,4136.678,962.395,71.70294117647059,56.76470588235294,1.0125000476837158,0.0002500000118743628,-0.14231381,-0.14763814,0.01517113,0.6153578,0.017411986,2.7476447,0.009999999776482582,1.0125000476837158,0.0002500000118743628,-0.14296034,-0.14582512,0.014328222,0.6442121,0.016082749,2.7747214,0.009999999776482582,1.0125000476837158,0.0002500000118743628,-0.14331526,-0.14700165,0.013670836,0.6448625,0.017067237,2.7265024,0.009999999776482582,1.0125000476837158,0.0002500000118743628,-0.14615084,-0.14801662,0.012667679,0.67980814,0.016701568,2.771225,0.009999999776482582
4.0,0.0,0.92,48.46,38,2000,False,22000,393,11,2dc24538b8f64619bce455646e44fe69,2020-01-20_14-10-11,1579525811,23.993151664733887,276.0947403907776,6060,fabien-GE62VR-6RF,192.168.0.15,276.0947403907776,22000,11,1,7cae6c8e,0,0.0,0.0,0.0,0.0,1.0,1.0,1.0,1.0,0.23,0.23,0.23,0.23,5.376943229094134,1.0906879566219998,3.3348184779755807,22000,22000,19741.575,128.756,3891.186,17.212,70.87058823529412,56.94117647058823,1.0125000476837158,0.0002500000118743628,-0.14603631,-0.1475783,0.011143716,0.6768407,0.017683309,2.7506077,0.009999999776482582,1.0125000476837158,0.0002500000118743628,-0.14557153,-0.14534041,0.011306709,0.6692256,0.016027188,2.776536,0.009999999776482582,1.0125000476837158,0.0002500000118743628,-0.14581168,-0.14627928,0.010566131,0.6987606,0.016951703,2.7262142,0.009999999776482582,1.0125000476837158,0.0002500000118743628,-0.14843458,-0.1460207,0.0104468465,0.6852427,0.014757143,2.7802358,0.009999999776482582
4.0,0.0,1.08,48.47,41,2000,False,24000,434,12,2dc24538b8f64619bce455646e44fe69,2020-01-20_14-10-35,1579525835,24.044472455978394,300.139212846756,6060,fabien-GE62VR-6RF,192.168.0.15,300.139212846756,24000,12,1,7cae6c8e,0,0.0,0.0,0.0,0.0,1.0,1.0,1.0,1.0,0.27,0.27,0.27,0.27,5.381652454718619,1.0982943761169828,3.334111596378418,24000,24000,19791.495,128.751,3889.64,17.131,70.95428571428573,57.16285714285715,1.0125000476837158,0.0002500000118743628,-0.13682222,-0.14168729,0.01588267,0.68637747,0.016318459,2.754005,0.009999999776482582,1.0125000476837158,0.0002500000118743628,-0.1411847,-0.14501233,0.014429472,0.7091112,0.016906116,2.7719302,0.009999999776482582,1.0125000476837158,0.0002500000118743628,-0.13427317,-0.13771683,0.014707057,0.6972682,0.016019817,2.7483482,0.009999999776482582,1.0125000476837158,0.0002500000118743628,-0.13964657,-0.14266692,0.014107501,0.7225373,0.016475642,2.7768736,0.009999999776482582
4.0,0.0,1.16,46.27,45,2000,False,26000,479,13,2dc24538b8f64619bce455646e44fe69,2020-01-20_14-10-59,1579525859,24.11767029762268,324.25688314437866,6060,fabien-GE62VR-6RF,192.168.0.15,324.25688314437866,26000,13,1,7cae6c8e,0,0.0,0.0,0.0,0.0,1.0,1.0,1.0,1.0,0.29,0.29,0.29,0.29,5.385266404938173,1.1080721293365843,3.3332570121295997,26000,26000,19832.517,128.557,3887.082,17.08,71.42647058823529,57.67058823529411,1.0125000476837158,0.0002500000118743628,-0.145531,-0.15440844,0.017609138,0.6785998,0.018419173,2.7381098,0.009999999776482582,1.0125000476837158,0.0002500000118743628,-0.13912214,-0.1458728,0.016982095,0.69075364,0.017233614,2.7680469,0.009999999776482582,1.0125000476837158,0.0002500000118743628,-0.13874078,-0.14585938,0.017522566,0.68511355,0.016831605,2.7445977,0.009999999776482582,1.0125000476837158,0.0002500000118743628,-0.14175624,-0.14662416,0.016671637,0.6895597,0.015692037,2.7691903,0.009999999776482582
4.0,0.0,1.32,46.06,42,2000,False,28000,521,14,2dc24538b8f64619bce455646e44fe69,2020-01-20_14-11-23,1579525883,23.96477961540222,348.2216627597809,6060,fabien-GE62VR-6RF,192.168.0.15,348.2216627597809,28000,14,1,7cae6c8e,0,0.0,0.0,0.0,0.0,1.0,1.0,1.0,1.0,0.33,0.33,0.33,0.33,5.385137824160072,1.11716720247644,3.3329886409107963,28000,28000,19882.269,128.944,3885.895,16.967,70.90588235294118,57.85,1.0125000476837158,0.0002500000118743628,-0.14649275,-0.15331103,0.016426863,0.75491625,0.017519075,2.7346647,0.009999999776482582,1.0125000476837158,0.0002500000118743628,-0.14314643,-0.14772516,0.015515566,0.7632093,0.016528536,2.767198,0.009999999776482582,1.0125000476837158,0.0002500000118743628,-0.14029394,-0.1455772,0.016185625,0.7634433,0.016396971,2.75043,0.009999999776482582,1.0125000476837158,0.0002500000118743628,-0.1515243,-0.15608926,0.015291223,0.7656306,0.016785663,2.772177,0.009999999776482582
4.0,0.0,1.4,48.24,43,2000,False,30000,564,15,2dc24538b8f64619bce455646e44fe69,2020-01-20_14-11-47,1579525907,24.057366371154785,372.27902913093567,6060,fabien-GE62VR-6RF,192.168.0.15,372.27902913093567,30000,15,1,7cae6c8e,0,0.0,0.0,0.0,0.0,1.0,1.0,1.0,1.0,0.35,0.35,0.35,0.35,5.3845858456627385,1.1246587805106076,3.332585750241722,30000,30000,19934.795,130.037,3885.476,16.921,71.41714285714285,57.76285714285714,1.0125000476837158,0.0002500000118743628,-0.1341965,-0.14321658,0.018488571,0.7193347,0.017772641,2.746329,0.009999999776482582,1.0125000476837158,0.0002500000118743628,-0.13119364,-0.13676581,0.017225917,0.7434166,0.015879571,2.7731812,0.009999999776482582,1.0125000476837158,0.0002500000118743628,-0.12606141,-0.13379332,0.01900141,0.7171507,0.016143123,2.7614422,0.009999999776482582,1.0125000476837158,0.0002500000118743628,-0.13309152,-0.13780491,0.017316036,0.7310343,0.0148955025,2.768435,0.009999999776482582
4.0,0.0,1.68,40.68,56,2000,False,32000,620,16,2dc24538b8f64619bce455646e44fe69,2020-01-20_14-12-12,1579525932,24.590671062469482,396.86970019340515,6060,fabien-GE62VR-6RF,192.168.0.15,396.86970019340515,32000,16,1,7cae6c8e,0,0.0,0.0,0.0,0.0,1.0,1.0,1.0,1.0,0.42,0.42,0.42,0.42,5.386549517975675,1.1412146886706795,3.331461033802384,32000,32000,20012.582,130.262,3884.902,17.217,71.63142857142857,57.962857142857146,1.0125000476837158,0.0002500000118743628,-0.1339693,-0.15771382,0.032334484,0.6913991,0.017916195,2.6730127,0.009999999776482582,1.0125000476837158,0.0002500000118743628,-0.13635647,-0.15833594,0.030029222,0.71420246,0.019007187,2.7294536,0.009999999776482582,1.0125000476837158,0.0002500000118743628,-0.13136443,-0.15372637,0.030636996,0.70723534,0.018597139,2.7104683,0.009999999776482582,1.0125000476837158,0.0002500000118743628,-0.13717978,-0.1601663,0.030737506,0.7045995,0.019122463,2.7112484,0.009999999776482582
4.0,0.0,1.92,36.64,50,2000,False,34000,670,17,2dc24538b8f64619bce455646e44fe69,2020-01-20_14-12-36,1579525956,24.176043033599854,421.045743227005,6060,fabien-GE62VR-6RF,192.168.0.15,421.045743227005,34000,17,1,7cae6c8e,0,0.0,0.0,0.0,0.0,1.0,1.0,1.0,1.0,0.48,0.48,0.48,0.48,5.38596755604691,1.1566093185136022,3.3308160200782844,34000,34000,20047.949,130.163,3882.926,17.27,71.7,58.14117647058824,1.0125000476837158,0.0002500000118743628,-0.14300796,-0.15801094,0.02367146,0.7422317,0.017928934,2.6821516,0.009999999776482582,1.0125000476837158,0.0002500000118743628,-0.14080094,-0.15447439,0.02422059,0.73844314,0.016643364,2.7398534,0.009999999776482582,1.0125000476837158,0.0002500000118743628,-0.13968118,-0.15327168,0.023710977,0.7362062,0.01691554,2.7247458,0.009999999776482582,1.0125000476837158,0.0002500000118743628,-0.13912642,-0.15151553,0.023668626,0.7438859,0.015684593,2.716016,0.009999999776482582
4.0,0.0,1.88,41.97,43,2000,False,36000,713,18,2dc24538b8f64619bce455646e44fe69,2020-01-20_14-13-00,1579525980,24.08505153656006,445.13079476356506,6060,fabien-GE62VR-6RF,192.168.0.15,445.13079476356506,36000,18,1,7cae6c8e,0,0.0,0.0,0.0,0.0,1.0,1.0,1.0,1.0,0.47,0.47,0.47,0.47,5.384650289172578,1.16372555706635,3.3306631246647966,36000,36000,20097.201,129.973,3881.305,17.089,71.76285714285713,58.36285714285714,1.0125000476837158,0.0002500000118743628,-0.13574275,-0.14851896,0.022971444,0.74708986,0.016722007,2.712626,0.009999999776482582,1.0125000476837158,0.0002500000118743628,-0.14084624,-0.15223622,0.021490244,0.76908404,0.017182464,2.7497501,0.009999999776482582,1.0125000476837158,0.0002500000118743628,-0.1432809,-0.15571788,0.021803703,0.75751126,0.017852128,2.7442002,0.009999999776482582,1.0125000476837158,0.0002500000118743628,-0.14251734,-0.15339255,0.021037877,0.7693185,0.016967442,2.7342196,0.009999999776482582
4.0,0.0,1.76,43.92,48,2000,False,38000,761,19,2dc24538b8f64619bce455646e44fe69,2020-01-20_14-13-24,1579526004,24.14743399620056,469.2782287597656,6060,fabien-GE62VR-6RF,192.168.0.15,469.2782287597656,38000,19,1,7cae6c8e,0,0.0,0.0,0.0,0.0,1.0,1.0,1.0,1.0,0.44,0.44,0.44,0.44,5.383759459476346,1.1706726122423006,3.330281516815212,38000,38000,20082.504,130.067,3881.876,17.174,70.76764705882353,58.573529411764696,1.0125000476837158,0.0002500000118743628,-0.12674208,-0.14117679,0.024461305,0.7312895,0.016545396,2.6778793,0.009999999776482582,1.0125000476837158,0.0002500000118743628,-0.13280734,-0.145397,0.023784693,0.73612404,0.015933681,2.7327902,0.009999999776482582,1.0125000476837158,0.0002500000118743628,-0.12554546,-0.13791764,0.023569688,0.73933315,0.015882647,2.7278676,0.009999999776482582,1.0125000476837158,0.0002500000118743628,-0.12553443,-0.13860919,0.025029723,0.7226442,0.01512229,2.7266307,0.009999999776482582
4.0,0.0,1.92,39.07,55,2000,False,40000,816,20,2dc24538b8f64619bce455646e44fe69,2020-01-20_14-13-49,1579526029,24.267404079437256,493.5456328392029,6060,fabien-GE62VR-6RF,192.168.0.15,493.5456328392029,40000,20,1,7cae6c8e,0,0.0,0.0,0.0,0.0,1.0,1.0,1.0,1.0,0.48,0.48,0.48,0.48,5.380194842616113,1.1830181094807457,3.3295232004102293,40000,40000,20107.976,130.687,3881.533,17.206,72.06285714285714,58.762857142857136,1.0125000476837158,0.0002500000118743628,-0.13606729,-0.1572491,0.028339852,0.75746787,0.019096706,2.6493478,0.009999999776482582,1.0125000476837158,0.0002500000118743628,-0.1381925,-0.16054513,0.03086115,0.73591375,0.018479522,2.7219045,0.009999999776482582,1.0125000476837158,0.0002500000118743628,-0.1397955,-0.16147374,0.029485768,0.7490945,0.019069117,2.7115004,0.009999999776482582,1.0125000476837158,0.0002500000118743628,-0.1422027,-0.16209719,0.028981725,0.7535155,0.01779899,2.7108736,0.009999999776482582
4.0,0.0,2.04,37.28,54,2000,False,42000,870,21,2dc24538b8f64619bce455646e44fe69,2020-01-20_14-14-13,1579526053,24.42937421798706,517.9750070571899,6060,fabien-GE62VR-6RF,192.168.0.15,517.9750070571899,42000,21,1,7cae6c8e,0,0.0,0.0,0.0,0.0,1.0,1.0,1.0,1.0,0.51,0.51,0.51,0.51,5.37776081837725,1.1955735601839006,3.3292901159768395,42000,42000,20151.546,130.48,3881.722,17.223,71.18285714285715,58.957142857142856,1.0125000476837158,0.0002500000118743628,-0.119168386,-0.13796204,0.029462634,0.73819906,0.015438087,2.630004,0.009999999776482582,1.0125000476837158,0.0002500000118743628,-0.119008824,-0.13833925,0.029305082,0.7449823,0.016881282,2.706696,0.009999999776482582,1.0125000476837158,0.0002500000118743628,-0.11323507,-0.13135839,0.029217694,0.7444612,0.015621054,2.6910698,0.009999999776482582,1.0125000476837158,0.0002500000118743628,-0.12166721,-0.13978761,0.029513285,0.74053144,0.015364524,2.6949449,0.009999999776482582
4.0,0.0,1.84,39.63,48,2000,False,44000,918,22,2dc24538b8f64619bce455646e44fe69,2020-01-20_14-14-37,1579526077,24.061169385910034,542.0361764431,6060,fabien-GE62VR-6RF,192.168.0.15,542.0361764431,44000,22,1,7cae6c8e,0,0.0,0.0,0.0,0.0,1.0,1.0,1.0,1.0,0.46,0.46,0.46,0.46,5.375577805418702,1.2038571486580072,3.3292627283636294,44000,44000,20152.34,132.017,3881.065,17.203,71.87647058823529,59.17352941176471,1.0125000476837158,0.0002500000118743628,-0.14074273,-0.15076679,0.019675737,0.7734865,0.016756693,2.6617815,0.009999999776482582,1.0125000476837158,0.0002500000118743628,-0.14488481,-0.1548315,0.019213941,0.7767671,0.017690549,2.7178924,0.009999999776482582,1.0125000476837158,0.0002500000118743628,-0.13974628,-0.14907321,0.01951069,0.7817675,0.016858818,2.7253323,0.009999999776482582,1.0125000476837158,0.0002500000118743628,-0.14262693,-0.15137076,0.018544523,0.78597593,0.017075855,2.7089977,0.009999999776482582
4.0,0.0,2.0,38.17,54,2000,False,46000,972,23,2dc24538b8f64619bce455646e44fe69,2020-01-20_14-15-02,1579526102,24.32453179359436,566.3607082366943,6060,fabien-GE62VR-6RF,192.168.0.15,566.3607082366943,46000,23,1,7cae6c8e,0,0.0,0.0,0.0,0.0,1.0,1.0,1.0,1.0,0.5,0.5,0.5,0.5,5.372567769829513,1.2122722485848996,3.3290771714644563,46000,46000,20175.095,131.496,3879.482,17.169,71.35428571428571,59.36,1.0125000476837158,0.0002500000118743628,-0.12410839,-0.14104185,0.027092071,0.7705875,0.015976172,2.6334484,0.009999999776482582,1.0125000476837158,0.0002500000118743628,-0.13072322,-0.14804119,0.02625138,0.77336216,0.017792253,2.6948075,0.009999999776482582,1.0125000476837158,0.0002500000118743628,-0.12645666,-0.14171164,0.02612767,0.7795846,0.015937012,2.7008905,0.009999999776482582,1.0125000476837158,0.0002500000118743628,-0.13350369,-0.14794822,0.025211506,0.784148,0.015904881,2.6870663,0.009999999776482582
4.0,0.0,2.12,32.44,64,2000,False,48000,1036,24,2dc24538b8f64619bce455646e44fe69,2020-01-20_14-15-26,1579526126,24.584399223327637,590.945107460022,6060,fabien-GE62VR-6RF,192.168.0.15,590.945107460022,48000,24,1,7cae6c8e,0,0.0,0.0,0.0,0.0,1.0,1.0,1.0,1.0,0.53,0.53,0.53,0.53,5.369264678244089,1.2274887557549652,3.328775294308512,48000,48000,20237.665,131.245,3879.056,17.178,71.52285714285713,59.814285714285724,1.0125000476837158,0.0002500000118743628,-0.12227837,-0.14606325,0.032432668,0.7490009,0.016865926,2.5724535,0.009999999776482582,1.0125000476837158,0.0002500000118743628,-0.12624353,-0.14921004,0.031674422,0.7560971,0.017717542,2.664691,0.009999999776482582,1.0125000476837158,0.0002500000118743628,-0.123327196,-0.14584321,0.032354306,0.7522335,0.016483556,2.652789,0.009999999776482582,1.0125000476837158,0.0002500000118743628,-0.13018893,-0.15273675,0.03154314,0.75413275,0.017222296,2.6432893,0.009999999776482582
4.0,0.0,2.36,31.74,62,2000,False,50000,1098,25,2dc24538b8f64619bce455646e44fe69,2020-01-20_14-15-51,1579526151,24.70033884048462,615.6454463005066,6060,fabien-GE62VR-6RF,192.168.0.15,615.6454463005066,50000,25,1,7cae6c8e,0,0.0,0.0,0.0,0.0,1.0,1.0,1.0,1.0,0.59,0.59,0.59,0.59,5.367640252782238,1.2421132962366785,3.328512001270283,50000,50000,20302.517,131.406,3878.163,17.316,70.86857142857141,59.745714285714286,1.0125000476837158,0.0002500000118743628,-0.12511025,-0.1528323,0.034435242,0.75736487,0.018818349,2.5766778,0.009999999776482582,1.0125000476837158,0.0002500000118743628,-0.13496847,-0.1627905,0.03458102,0.7509135,0.01968223,2.6687264,0.009999999776482582,1.0125000476837158,0.0002500000118743628,-0.12580998,-0.15391366,0.034912378,0.754639,0.019483205,2.6535423,0.009999999776482582,1.0125000476837158,0.0002500000118743628,-0.13799152,-0.16445225,0.033849545,0.7592566,0.01887152,2.6496236,0.009999999776482582
4.0,-4.0,2.36,33.46,58,2000,False,52000,1156,26,2dc24538b8f64619bce455646e44fe69,2020-01-20_14-16-16,1579526176,24.5785710811615,640.2240173816681,6060,fabien-GE62VR-6RF,192.168.0.15,640.2240173816681,52000,26,1,7cae6c8e,0,-1.0,-1.0,-1.0,-1.0,1.0,1.0,1.0,1.0,0.59,0.59,0.59,0.59,5.367588863159044,1.2534151535087992,3.3282494997039236,52000,52000,20300.788,132.515,3877.893,16.963,71.46000000000001,59.93428571428571,1.0125000476837158,0.0002500000118743628,-0.1257464,-0.14920864,0.03082608,0.7790836,0.01822151,2.5813122,0.009999999776482582,1.0125000476837158,0.0002500000118743628,-0.13169898,-0.15573686,0.03153993,0.77633876,0.018801782,2.6538844,0.009999999776482582,1.0125000476837158,0.0002500000118743628,-0.13239393,-0.15501511,0.029720666,0.78630453,0.019036809,2.6374254,0.009999999776482582,1.0125000476837158,0.0002500000118743628,-0.13486664,-0.15390852,0.0284198,0.7968544,0.016812425,2.640051,0.009999999776482582
4.0,-4.0,2.24,34.92,55,2000,False,54000,1211,27,2dc24538b8f64619bce455646e44fe69,2020-01-20_14-16-40,1579526200,24.499366760253906,664.723384141922,6060,fabien-GE62VR-6RF,192.168.0.15,664.723384141922,54000,27,1,7cae6c8e,0,-1.0,-1.0,-1.0,-1.0,1.0,1.0,1.0,1.0,0.56,0.56,0.56,0.56,5.367014547842862,1.262070669638639,3.328699878458251,54000,54000,20332.511,132.501,3878.571,16.886,71.86571428571429,60.12,1.0125000476837158,0.0002500000118743628,-0.13084544,-0.15135768,0.028347548,0.7702195,0.017814575,2.587255,0.009999999776482582,1.0125000476837158,0.0002500000118743628,-0.1325098,-0.1520313,0.02900796,0.7663678,0.017175544,2.6876688,0.009999999776482582,1.0125000476837158,0.0002500000118743628,-0.1315147,-0.15200377,0.029471561,0.7599044,0.017425366,2.6625667,0.009999999776482582,1.0125000476837158,0.0002500000118743628,-0.13452174,-0.15415262,0.02824765,0.7723118,0.017984964,2.6826544,0.009999999776482582
4.0,0.0,2.04,38.0,47,2000,False,56000,1258,28,2dc24538b8f64619bce455646e44fe69,2020-01-20_14-17-04,1579526224,24.101327657699585,688.8247117996216,6060,fabien-GE62VR-6RF,192.168.0.15,688.8247117996216,56000,28,1,7cae6c8e,0,0.0,0.0,0.0,0.0,1.0,1.0,1.0,1.0,0.51,0.51,0.51,0.51,5.365867698792936,1.266593570937718,3.3290258150881584,56000,56000,20333.174,133.579,3878.422,16.929,71.20571428571428,60.334285714285706,1.0125000476837158,0.0002500000118743628,-0.12729408,-0.1404793,0.023307588,0.76340467,0.015932258,2.6253777,0.009999999776482582,1.0125000476837158,0.0002500000118743628,-0.13513488,-0.14903125,0.023684084,0.7675929,0.01711912,2.7120838,0.009999999776482582,1.0125000476837158,0.0002500000118743628,-0.13793856,-0.15134656,0.023297925,0.7663628,0.016699415,2.6798062,0.009999999776482582,1.0125000476837158,0.0002500000118743628,-0.1379686,-0.15029131,0.022853402,0.7713307,0.016336177,2.7071083,0.009999999776482582
4.0,0.0,2.12,37.2,58,2000,False,58000,1316,29,2dc24538b8f64619bce455646e44fe69,2020-01-20_14-17-29,1579526249,24.641221046447754,713.4659328460693,6060,fabien-GE62VR-6RF,192.168.0.15,713.4659328460693,58000,29,1,7cae6c8e,0,0.0,0.0,0.0,0.0,1.0,1.0,1.0,1.0,0.53,0.53,0.53,0.53,5.365554449436633,1.2728906589770332,3.328802004411605,58000,58000,20383.416,134.155,3876.978,16.898,71.15142857142857,60.53714285714285,1.0125000476837158,0.0002500000118743628,-0.116420336,-0.13668314,0.030151006,0.76963794,0.015533494,2.561586,0.009999999776482582,1.0125000476837158,0.0002500000118743628,-0.1245127,-0.14536889,0.029935673,0.77444947,0.01733276,2.662891,0.009999999776482582,1.0125000476837158,0.0002500000118743628,-0.1216214,-0.14097343,0.029291708,0.78018785,0.016243892,2.6386614,0.009999999776482582,1.0125000476837158,0.0002500000118743628,-0.12839158,-0.14888535,0.029519368,0.7764121,0.017242448,2.6483574,0.009999999776482582
4.0,0.0,2.12,28.48,74,2000,False,60000,1390,30,2dc24538b8f64619bce455646e44fe69,2020-01-20_14-17-54,1579526274,25.023040533065796,738.4889733791351,6060,fabien-GE62VR-6RF,192.168.0.15,738.4889733791351,60000,30,1,7cae6c8e,0,0.0,0.0,0.0,0.0,1.0,1.0,1.0,1.0,0.53,0.53,0.53,0.53,5.364286688791287,1.289718133711247,3.328681772827264,60000,60000,20458.825,133.524,3877.696,16.888,71.525,60.65833333333334,1.0125000476837158,0.0002500000118743628,-0.10762427,-0.14361806,0.044009168,0.6951524,0.016626498,2.4849703,0.009999999776482582,1.0125000476837158,0.0002500000118743628,-0.11607066,-0.15344027,0.044226088,0.705742,0.018966706,2.6060266,0.009999999776482582,1.0125000476837158,0.0002500000118743628,-0.10548839,-0.14188692,0.04441458,0.7060592,0.017525526,2.576065,0.009999999776482582,1.0125000476837158,0.0002500000118743628,-0.10989839,-0.14482749,0.044134177,0.70226663,0.016548743,2.5960677,0.009999999776482582
4.0,0.0,2.04,30.32,63,2000,False,62000,1453,31,2dc24538b8f64619bce455646e44fe69,2020-01-20_14-18-19,1579526299,24.752934455871582,763.2419078350067,6060,fabien-GE62VR-6RF,192.168.0.15,763.2419078350067,62000,31,1,7cae6c8e,0,0.0,0.0,0.0,0.0,1.0,1.0,1.0,1.0,0.51,0.51,0.51,0.51,5.36331107991722,1.3009564583621813,3.3284997611588154,62000,62000,20489.762,134.264,3878.391,16.844,71.2342857142857,60.897142857142846,1.0125000476837158,0.0002500000118743628,-0.12018057,-0.1488855,0.03639493,0.7095334,0.017281432,2.518745,0.009999999776482582,1.0125000476837158,0.0002500000118743628,-0.121333204,-0.15001707,0.03823884,0.696881,0.01654905,2.6310892,0.009999999776482582,1.0125000476837158,0.0002500000118743628,-0.121075824,-0.15197386,0.03838536,0.6965234,0.018261919,2.5977523,0.009999999776482582,1.0125000476837158,0.0002500000118743628,-0.12930223,-0.15446164,0.034081563,0.7236289,0.017253956,2.6391797,0.009999999776482582
4.0,0.0,2.04,33.01,64,2000,False,64000,1517,32,2dc24538b8f64619bce455646e44fe69,2020-01-20_14-18-43,1579526323,24.659545421600342,787.901453256607,6060,fabien-GE62VR-6RF,192.168.0.15,787.901453256607,64000,32,1,7cae6c8e,0,0.0,0.0,0.0,0.0,1.0,1.0,1.0,1.0,0.51,0.51,0.51,0.51,5.361703019049941,1.311600876818078,3.3282114689218263,64000,64000,20550.734,132.621,3878.812,16.835,71.42,61.09428571428572,1.0125000476837158,0.0002500000118743628,-0.117527515,-0.14487237,0.0347933,0.7353581,0.01747384,2.514071,0.009999999776482582,1.0125000476837158,0.0002500000118743628,-0.121738836,-0.1510907,0.0375706,0.7196404,0.017626613,2.6065676,0.009999999776482582,1.0125000476837158,0.0002500000118743628,-0.1193168,-0.14485902,0.034737475,0.7378552,0.016669832,2.607348,0.009999999776482582,1.0125000476837158,0.0002500000118743628,-0.12891775,-0.15503816,0.034450803,0.7374564,0.017673038,2.6224337,0.009999999776482582
4.0,0.0,2.6,27.2,74,2000,False,66000,1591,33,2dc24538b8f64619bce455646e44fe69,2020-01-20_14-19-09,1579526349,25.209267377853394,813.1107206344604,6060,fabien-GE62VR-6RF,192.168.0.15,813.1107206344604,66000,33,1,7cae6c8e,0,0.0,0.0,0.0,0.0,1.0,1.0,1.0,1.0,0.65,0.65,0.65,0.65,5.359744481401838,1.3269913048249788,3.329117775940945,66000,66000,20636.838,132.914,3880.891,16.8,71.51666666666668,61.26666666666668,1.0125000476837158,0.0002500000118743628,-0.12415357,-0.15679151,0.03868794,0.7492056,0.018318985,2.4597988,0.009999999776482582,1.0125000476837158,0.0002500000118743628,-0.13031623,-0.16582143,0.040671453,0.73681563,0.02050851,2.5931134,0.009999999776482582,1.0125000476837158,0.0002500000118743628,-0.12925096,-0.16250893,0.038878985,0.74932563,0.019983763,2.5854578,0.009999999776482582,1.0125000476837158,0.0002500000118743628,-0.13657081,-0.16612884,0.0372547,0.7592351,0.018036876,2.595901,0.009999999776482582
4.0,0.0,2.24,32.97,56,2000,False,68000,1647,34,2dc24538b8f64619bce455646e44fe69,2020-01-20_14-19-33,1579526373,24.595809936523438,837.7065305709839,6060,fabien-GE62VR-6RF,192.168.0.15,837.7065305709839,68000,34,1,7cae6c8e,0,0.0,0.0,0.0,0.0,1.0,1.0,1.0,1.0,0.56,0.56,0.56,0.56,5.359702532653002,1.3338295725562255,3.329708495114054,68000,68000,20637.998,132.921,3880.738,16.95,71.49714285714286,61.77714285714285,1.0125000476837158,0.0002500000118743628,-0.1357878,-0.15614848,0.027728686,0.7601095,0.018017653,2.5610878,0.009999999776482582,1.5187499523162842,0.0002500000118743628,-0.12823701,-0.1535674,0.030098973,0.7452618,0.014312519,2.6505718,0.009999999776482582,1.0125000476837158,0.0002500000118743628,-0.13199402,-0.1542175,0.02990297,0.7548938,0.018603323,2.6515374,0.009999999776482582,1.0125000476837158,0.0002500000118743628,-0.1374502,-0.1562868,0.027678143,0.76757205,0.017501116,2.6561396,0.009999999776482582
4.0,0.0,2.56,27.37,73,2000,False,70000,1720,35,2dc24538b8f64619bce455646e44fe69,2020-01-20_14-19-58,1579526398,25.104926347732544,862.8114569187164,6060,fabien-GE62VR-6RF,192.168.0.15,862.8114569187164,70000,35,1,7cae6c8e,0,0.0,0.0,0.0,0.0,1.0,1.0,1.0,1.0,0.64,0.64,0.64,0.64,5.3583907418193375,1.3460224248424228,3.3304994076917582,70000,70000,20677.652,134.121,3880.247,16.995,71.32222222222222,62.03888888888888,1.0125000476837158,0.0002500000118743628,-0.13084438,-0.15998028,0.0332134,0.77393425,0.020264462,2.4595282,0.009999999776482582,1.5187499523162842,0.0002500000118743628,-0.12275074,-0.15592459,0.035370685,0.76699376,0.015478452,2.5704737,0.009999999776482582,1.0125000476837158,0.0002500000118743628,-0.13541393,-0.16124532,0.032758538,0.7782842,0.018726677,2.5887897,0.009999999776482582,1.0125000476837158,0.0002500000118743628,-0.13581724,-0.16089398,0.031951666,0.7868552,0.018893227,2.6004343,0.009999999776482582
4.0,0.0,2.2,32.64,57,2000,False,72000,1777,36,2dc24538b8f64619bce455646e44fe69,2020-01-20_14-20-23,1579526423,24.4942045211792,887.3056614398956,6060,fabien-GE62VR-6RF,192.168.0.15,887.3056614398956,72000,36,1,7cae6c8e,0,0.0,0.0,0.0,0.0,1.0,1.0,1.0,1.0,0.55,0.55,0.55,0.55,5.357270615665602,1.352544680429911,3.3305614707578264,72000,72000,20670.165,134.181,3879.273,16.997,71.83142857142859,61.88285714285715,1.5187499523162842,0.0002500000118743628,-0.11767804,-0.14481492,0.030712398,0.72436893,0.014480655,2.5568006,0.009999999776482582,1.5187499523162842,0.0002500000118743628,-0.11551669,-0.14444277,0.033560622,0.71061957,0.014247375,2.6272767,0.009999999776482582,1.0125000476837158,0.0002500000118743628,-0.12884784,-0.15269178,0.03269088,0.7159033,0.017459035,2.6524208,0.009999999776482582,1.0125000476837158,0.0002500000118743628,-0.13273406,-0.15584692,0.030762244,0.7303895,0.018846802,2.673175,0.009999999776482582
4.0,0.0,1.84,36.53,53,2000,False,74000,1830,37,2dc24538b8f64619bce455646e44fe69,2020-01-20_14-20-47,1579526447,24.51007628440857,911.8157377243042,6060,fabien-GE62VR-6RF,192.168.0.15,911.8157377243042,74000,37,1,7cae6c8e,0,0.0,0.0,0.0,0.0,1.0,1.0,1.0,1.0,0.46,0.46,0.46,0.46,5.356638579073977,1.3561212728970866,3.3310440580031364,74000,74000,20671.832,134.986,3877.85,17.048,72.22285714285714,62.07714285714287,1.5187499523162842,0.0002500000118743628,-0.11984627,-0.1399557,0.026334278,0.736488,0.0129369,2.587277,0.009999999776482582,1.5187499523162842,0.0002500000118743628,-0.122911096,-0.14447379,0.027433986,0.7287644,0.013618447,2.6554303,0.009999999776482582,1.0125000476837158,0.0002500000118743628,-0.12863082,-0.14516675,0.025614861,0.7395283,0.017407002,2.6703532,0.009999999776482582,1.0125000476837158,0.0002500000118743628,-0.13290353,-0.14978498,0.026241174,0.7394812,0.017393246,2.6970396,0.009999999776482582
4.0,0.0,2.08,33.85,59,2000,False,76000,1889,38,2dc24538b8f64619bce455646e44fe69,2020-01-20_14-21-12,1579526472,24.54303216934204,936.3587698936462,6060,fabien-GE62VR-6RF,192.168.0.15,936.3587698936462,76000,38,1,7cae6c8e,0,0.0,0.0,0.0,0.0,1.0,1.0,1.0,1.0,0.52,0.52,0.52,0.52,5.35529474299749,1.3607254855346655,3.3317138156270723,76000,76000,20715.581,135.212,3877.985,17.078,71.81142857142859,62.26,1.5187499523162842,0.0002500000118743628,-0.11284959,-0.14079571,0.0318247,0.7380538,0.014116237,2.5317616,0.009999999776482582,1.5187499523162842,0.0002500000118743628,-0.1183261,-0.14483368,0.03200187,0.74139214,0.013652489,2.6229002,0.009999999776482582,1.0125000476837158,0.0002500000118743628,-0.122611076,-0.14892831,0.0325939,0.7345473,0.019893754,2.6419072,0.009999999776482582,1.0125000476837158,0.0002500000118743628,-0.122727,-0.14643809,0.031963803,0.74425334,0.01794866,2.642572,0.009999999776482582
4.0,-4.0,2.2,29.7,76,2000,False,78000,1965,39,2dc24538b8f64619bce455646e44fe69,2020-01-20_14-21-37,1579526497,25.33109736442566,961.6898672580719,6060,fabien-GE62VR-6RF,192.168.0.15,961.6898672580719,78000,39,1,7cae6c8e,0,-1.0,-1.0,-1.0,-1.0,1.0,1.0,1.0,1.0,0.55,0.55,0.55,0.55,5.353919062136652,1.3731426883652784,3.332564760207272,78000,78000,20784.016,134.484,3879.258,17.012,71.68055555555557,62.44444444444442,1.5187499523162842,0.0002500000118743628,-0.11273359,-0.15010366,0.04070156,0.7490652,0.014043316,2.4659772,0.009999999776482582,1.5187499523162842,0.0002500000118743628,-0.11131087,-0.15163018,0.043789662,0.73353744,0.014500406,2.5492847,0.009999999776482582,1.0125000476837158,0.0002500000118743628,-0.12240182,-0.15752354,0.040462792,0.7559429,0.02001936,2.5610673,0.009999999776482582,1.0125000476837158,0.0002500000118743628,-0.12770818,-0.16001838,0.040030148,0.7572095,0.018033149,2.5978513,0.009999999776482582
4.0,0.0,2.44,22.96,86,2000,False,80000,2051,40,2dc24538b8f64619bce455646e44fe69,2020-01-20_14-22-03,1579526523,25.647419214248657,987.3372864723206,6060,fabien-GE62VR-6RF,192.168.0.15,987.3372864723206,80000,40,1,7cae6c8e,0,0.0,0.0,0.0,0.0,1.0,1.0,1.0,1.0,0.61,0.61,0.61,0.61,5.353585672888058,1.3910810044502335,3.332905224755624,80000,80000,20846.109,134.876,3879.005,17.194,71.23513513513512,62.654054054054065,1.5187499523162842,0.0002500000118743628,-0.10172338,-0.14240763,0.042181477,0.7469058,0.014724936,2.3860724,0.009999999776482582,1.5187499523162842,0.0002500000118743628,-0.10820255,-0.14856483,0.041961014,0.7420813,0.015453719,2.5069077,0.009999999776482582,1.5187499523162842,0.0002500000118743628,-0.1122711,-0.15066637,0.041184373,0.7498594,0.014733903,2.5166218,0.009999999776482582,1.0125000476837158,0.0002500000118743628,-0.11835934,-0.15189545,0.041325368,0.7497034,0.017275298,2.5280495,0.009999999776482582
4.0,0.0,2.4,25.41,68,2000,False,82000,2119,41,2dc24538b8f64619bce455646e44fe69,2020-01-20_14-22-28,1579526548,24.974722146987915,1012.3120086193085,6060,fabien-GE62VR-6RF,192.168.0.15,1012.3120086193085,82000,41,1,7cae6c8e,0,0.0,0.0,0.0,0.0,1.0,1.0,1.0,1.0,0.6,0.6,0.6,0.6,5.353202587677952,1.3991378288302008,3.333041131118329,82000,82000,20870.709,134.538,3876.77,17.323,71.05833333333334,62.86666666666666,1.5187499523162842,0.0002500000118743628,-0.11771152,-0.15293512,0.03884499,0.7164789,0.014125555,2.507458,0.009999999776482582,1.5187499523162842,0.0002500000118743628,-0.12318048,-0.15750556,0.038538054,0.7190179,0.014169161,2.5732393,0.009999999776482582,1.5187499523162842,0.0002500000118743628,-0.12353851,-0.15736063,0.03827646,0.71993005,0.014243714,2.608698,0.009999999776482582,1.0125000476837158,0.0002500000118743628,-0.13205418,-0.16108169,0.03716039,0.7303288,0.017822545,2.6178226,0.009999999776482582
4.0,0.0,2.2,32.37,57,2000,False,84000,2176,42,2dc24538b8f64619bce455646e44fe69,2020-01-20_14-22-52,1579526572,24.472086906433105,1036.7840955257416,6060,fabien-GE62VR-6RF,192.168.0.15,1036.7840955257416,84000,42,1,7cae6c8e,0,0.0,0.0,0.0,0.0,1.0,1.0,1.0,1.0,0.55,0.55,0.55,0.55,5.3524508173936125,1.4035511776365377,3.33295345386629,84000,84000,20852.265,134.88,3876.137,17.376,71.40857142857143,63.06285714285715,1.5187499523162842,0.0002500000118743628,-0.109197885,-0.13110837,0.02829272,0.7790355,0.012546338,2.543698,0.009999999776482582,1.5187499523162842,0.0002500000118743628,-0.11330425,-0.1366629,0.029785644,0.77034295,0.013022331,2.620466,0.009999999776482582,1.5187499523162842,0.0002500000118743628,-0.121017694,-0.14384478,0.029115241,0.7770146,0.013413851,2.6660452,0.009999999776482582,1.0125000476837158,0.0002500000118743628,-0.12402323,-0.14285623,0.028867437,0.77515996,0.01638826,2.6627564,0.009999999776482582
4.0,0.0,2.32,33.49,63,2000,False,86000,2239,43,2dc24538b8f64619bce455646e44fe69,2020-01-20_14-23-18,1579526598,25.071369409561157,1061.8554649353027,6060,fabien-GE62VR-6RF,192.168.0.15,1061.8554649353027,86000,43,1,7cae6c8e,0,0.0,0.0,0.0,0.0,1.0,1.0,1.0,1.0,0.58,0.58,0.58,0.58,5.35301350812734,1.408454706698964,3.333484460628996,86000,86000,20838.348,134.958,3876.235,17.36,71.15142857142858,63.237142857142864,1.5187499523162842,0.0002500000118743628,-0.10676536,-0.13104746,0.031459615,0.7784894,0.011829316,2.51433,0.009999999776482582,1.5187499523162842,0.0002500000118743628,-0.11834041,-0.14307828,0.029924057,0.7857678,0.013715667,2.6016853,0.009999999776482582,1.5187499523162842,0.0002500000118743628,-0.118594036,-0.14350913,0.030439477,0.7854945,0.013749969,2.6407146,0.009999999776482582,1.0125000476837158,0.0002500000118743628,-0.12389671,-0.14494136,0.03089443,0.7832867,0.016327327,2.6381192,0.009999999776482582
4.0,0.0,2.44,32.37,62,2000,False,88000,2301,44,2dc24538b8f64619bce455646e44fe69,2020-01-20_14-23-42,1579526622,24.731221675872803,1086.5866866111755,6060,fabien-GE62VR-6RF,192.168.0.15,1086.5866866111755,88000,44,1,7cae6c8e,0,0.0,0.0,0.0,0.0,1.0,1.0,1.0,1.0,0.61,0.61,0.61,0.61,5.352949521362802,1.4135902166528092,3.3342004732960233,88000,88000,20851.623,134.912,3876.7,17.214,71.50555555555555,63.463888888888874,1.5187499523162842,0.0002500000118743628,-0.10394039,-0.13414568,0.034861512,0.75458705,0.01349419,2.5150526,0.009999999776482582,1.5187499523162842,0.0002500000118743628,-0.11215168,-0.13956842,0.03375275,0.7649032,0.012914201,2.5949452,0.009999999776482582,1.5187499523162842,0.0002500000118743628,-0.11262787,-0.13946694,0.033427477,0.7628113,0.013030193,2.6378012,0.009999999776482582,1.0125000476837158,0.0002500000118743628,-0.11529165,-0.13952044,0.03359118,0.76506484,0.01671514,2.6286464,0.009999999776482582
4.0,0.0,1.96,37.82,50,2000,False,90000,2351,45,2dc24538b8f64619bce455646e44fe69,2020-01-20_14-24-11,1579526651,28.69688391685486,1115.2835705280304,6060,fabien-GE62VR-6RF,192.168.0.15,1115.2835705280304,90000,45,1,7cae6c8e,0,0.0,0.0,0.0,0.0,1.0,1.0,1.0,1.0,0.49,0.49,0.49,0.49,5.361230510120733,1.4175599254315574,3.340696573363969,90000,90000,21094.143,167.007,3960.659,16.996,82.96829268292683,68.25853658536586,1.5187499523162842,0.0002500000118743628,-0.12339931,-0.1422179,0.024277851,0.767375,0.013388046,2.5792344,0.009999999776482582,1.5187499523162842,0.0002500000118743628,-0.12405221,-0.14061587,0.02291081,0.7749885,0.0132330125,2.644479,0.009999999776482582,1.5187499523162842,0.0002500000118743628,-0.1293446,-0.14697355,0.023614546,0.77254003,0.013647594,2.671288,0.009999999776482582,1.0125000476837158,0.0002500000118743628,-0.13425915,-0.14966351,0.024493162,0.7657528,0.017432153,2.6738858,0.009999999776482582
4.0,0.0,1.96,39.65,52,2000,False,92000,2403,46,2dc24538b8f64619bce455646e44fe69,2020-01-20_14-24-41,1579526681,29.879798889160156,1145.1633694171906,6060,fabien-GE62VR-6RF,192.168.0.15,1145.1633694171906,92000,46,1,7cae6c8e,0,0.0,0.0,0.0,0.0,1.0,1.0,1.0,1.0,0.49,0.49,0.49,0.49,5.3821566130351695,1.423642482169159,3.3570304913487563,92000,92000,21555.265,173.392,4030.972,17.552,86.5142857142857,76.13809523809525,1.5187499523162842,0.0002500000118743628,-0.11412978,-0.13973832,0.03070644,0.73235637,0.013503885,2.5606933,0.009999999776482582,1.5187499523162842,0.0002500000118743628,-0.11934507,-0.14509521,0.031087276,0.7330735,0.013852038,2.6374922,0.009999999776482582,1.5187499523162842,0.0002500000118743628,-0.11506769,-0.13760948,0.030781277,0.7346904,0.012095762,2.660993,0.009999999776482582,1.0125000476837158,0.0002500000118743628,-0.13044873,-0.15019755,0.0296761,0.7421994,0.016539851,2.6673884,0.009999999776482582
4.0,0.0,2.6,31.77,69,2000,False,94000,2472,47,2dc24538b8f64619bce455646e44fe69,2020-01-20_14-25-11,1579526711,29.746188640594482,1174.909558057785,6060,fabien-GE62VR-6RF,192.168.0.15,1174.909558057785,94000,47,1,7cae6c8e,0,0.0,0.0,0.0,0.0,1.0,1.0,1.0,1.0,0.65,0.65,0.65,0.65,5.40716243640949,1.4362290581796835,3.3777974428216964,94000,94000,22027.399,179.484,4076.187,17.574,83.66046511627908,76.61162790697675,1.5187499523162842,0.0002500000118743628,-0.12614071,-0.15898025,0.03411873,0.76791745,0.015403367,2.4673057,0.009999999776482582,1.5187499523162842,0.0002500000118743628,-0.12684119,-0.1579588,0.03401458,0.7690866,0.014984052,2.5653973,0.009999999776482582,1.5187499523162842,0.0002500000118743628,-0.125955,-0.15836222,0.036078554,0.7561156,0.014664157,2.594251,0.009999999776482582,1.0125000476837158,0.0002500000118743628,-0.1386515,-0.16880313,0.03507177,0.7666177,0.020832393,2.6012948,0.009999999776482582
4.0,0.0,2.56,29.6,75,2000,False,96000,2547,48,2dc24538b8f64619bce455646e44fe69,2020-01-20_14-25-38,1579526738,26.95696258544922,1201.8665206432343,6060,fabien-GE62VR-6RF,192.168.0.15,1201.8665206432343,96000,48,1,7cae6c8e,0,0.0,0.0,0.0,0.0,1.0,1.0,1.0,1.0,0.64,0.64,0.64,0.64,5.417648256793487,1.4482636727694143,3.3859431916665415,96000,96000,22235.477,185.718,4100.972,18.596,76.57894736842107,77.56578947368422,1.5187499523162842,0.0002500000118743628,-0.11034511,-0.14033747,0.03390456,0.78529733,0.013365557,2.4211156,0.009999999776482582,1.5187499523162842,0.0002500000118743628,-0.10836184,-0.1398049,0.035244346,0.7773396,0.014183659,2.5342722,0.009999999776482582,1.5187499523162842,0.0002500000118743628,-0.114201605,-0.14518456,0.037305865,0.76365334,0.012806341,2.5772538,0.009999999776482582,1.5187499523162842,0.0002500000118743628,-0.117538966,-0.14963521,0.036276694,0.7726171,0.014386587,2.6030073,0.009999999776482582
4.0,0.0,2.32,32.33,54,2000,False,98000,2601,49,2dc24538b8f64619bce455646e44fe69,2020-01-20_14-26-08,1579526768,30.660419940948486,1232.5269405841827,6060,fabien-GE62VR-6RF,192.168.0.15,1232.5269405841827,98000,49,1,7cae6c8e,0,0.0,0.0,0.0,0.0,1.0,1.0,1.0,1.0,0.58,0.58,0.58,0.58,5.431900114357071,1.4548534676035585,3.397731774067848,98000,98000,22673.228,194.78,4183.112,22.644,85.94318181818181,78.35454545454546,1.5187499523162842,0.0002500000118743628,-0.1296989,-0.15172388,0.026869114,0.7576523,0.013545877,2.5416942,0.009999999776482582,1.5187499523162842,0.0002500000118743628,-0.13614087,-0.16053112,0.028218623,0.7397694,0.014724002,2.6190424,0.009999999776482582,1.5187499523162842,0.0002500000118743628,-0.12577978,-0.14812478,0.029155664,0.7342055,0.013023203,2.658966,0.009999999776482582,1.5187499523162842,0.0002500000118743628,-0.1364219,-0.16015485,0.029035335,0.7362983,0.014057982,2.6652966,0.009999999776482582
4.0,0.0,2.44,30.43,70,2000,False,100000,2671,50,2dc24538b8f64619bce455646e44fe69,2020-01-20_14-26-38,1579526798,29.23451805114746,1261.7614586353302,6060,fabien-GE62VR-6RF,192.168.0.15,1261.7614586353302,100000,50,1,7cae6c8e,0,0.0,0.0,0.0,0.0,1.0,1.0,1.0,1.0,0.61,0.61,0.61,0.61,5.451209772491545,1.4656276971494697,3.4143402897882438,100000,100000,22920.265,198.678,4289.801,22.512,81.96428571428571,78.33571428571429,1.5187499523162842,0.0002500000118743628,-0.121107444,-0.15359758,0.034026492,0.7727183,0.015015087,2.4340503,0.009999999776482582,1.5187499523162842,0.0002500000118743628,-0.12681529,-0.15611254,0.032570746,0.78260493,0.014519917,2.5325613,0.009999999776482582,1.5187499523162842,0.0002500000118743628,-0.12994982,-0.16190107,0.033623464,0.77525115,0.01569742,2.5512671,0.009999999776482582,1.5187499523162842,0.0002500000118743628,-0.13594234,-0.16569376,0.03211104,0.78314394,0.015386387,2.5727673,0.009999999776482582
4.0,0.0,2.6,31.28,59,2000,False,102000,2730,51,2dc24538b8f64619bce455646e44fe69,2020-01-20_14-27-07,1579526827,28.769405126571655,1290.5308637619019,6060,fabien-GE62VR-6RF,192.168.0.15,1290.5308637619019,102000,51,1,7cae6c8e,0,0.0,0.0,0.0,0.0,1.0,1.0,1.0,1.0,0.65,0.65,0.65,0.65,5.4609683907517885,1.4724651064178256,3.424637760923577,102000,102000,23204.498,206.223,4376.238,23.454,82.06829268292682,78.43658536585366,1.5187499523162842,0.0002500000118743628,-0.11553802,-0.13730422,0.027331479,0.80970514,0.0129209785,2.5189037,0.009999999776482582,1.5187499523162842,0.0002500000118743628,-0.11702527,-0.13730659,0.027024679,0.81269175,0.012631723,2.5927794,0.009999999776482582,1.5187499523162842,0.0002500000118743628,-0.11948006,-0.13899586,0.026705472,0.8111764,0.012480276,2.6144106,0.009999999776482582,1.5187499523162842,0.0002500000118743628,-0.12072938,-0.14021167,0.026972504,0.81254756,0.012462996,2.641838,0.009999999776482582
4.0,0.0,2.52,34.21,61,2000,False,104000,2791,52,2dc24538b8f64619bce455646e44fe69,2020-01-20_14-27-34,1579526854,26.985320568084717,1317.5161843299866,6060,fabien-GE62VR-6RF,192.168.0.15,1317.5161843299866,104000,52,1,7cae6c8e,0,0.0,0.0,0.0,0.0,1.0,1.0,1.0,1.0,0.63,0.63,0.63,0.63,5.46951345369888,1.4782047904693798,3.4336664738965563,104000,104000,23445.515,211.205,4381.002,23.957,79.15128205128205,80.53589743589744,1.5187499523162842,0.0002500000118743628,-0.114298776,-0.1385946,0.030125346,0.79810774,0.012499537,2.48132,0.009999999776482582,1.5187499523162842,0.0002500000118743628,-0.12218202,-0.14722084,0.02936394,0.8039584,0.014148569,2.581326,0.009999999776482582,1.5187499523162842,0.0002500000118743628,-0.12173635,-0.1489332,0.031506337,0.7890761,0.014108793,2.573721,0.009999999776482582,1.5187499523162842,0.0002500000118743628,-0.12703341,-0.1521556,0.029512925,0.8038996,0.014327799,2.6151094,0.009999999776482582
4.0,0.0,2.64,28.83,69,2000,False,106000,2860,53,2dc24538b8f64619bce455646e44fe69,2020-01-20_14-27-59,1579526879,25.83545470237732,1343.351639032364,6060,fabien-GE62VR-6RF,192.168.0.15,1343.351639032364,106000,53,1,7cae6c8e,0,0.0,0.0,0.0,0.0,1.0,1.0,1.0,1.0,0.66,0.66,0.66,0.66,5.472213090301457,1.4842949108302241,3.4373951632533783,106000,106000,23513.401,215.355,4385.111,24.14,76.71891891891893,80.61891891891892,1.5187499523162842,0.0002500000118743628,-0.10381742,-0.13301867,0.03546325,0.7779183,0.011952198,2.4414406,0.009999999776482582,1.5187499523162842,0.0002500000118743628,-0.108058944,-0.13986596,0.03581406,0.77625597,0.014133083,2.5471652,0.009999999776482582,1.5187499523162842,0.0002500000118743628,-0.10523975,-0.13621154,0.03699798,0.7704356,0.01286546,2.5565605,0.009999999776482582,1.5187499523162842,0.0002500000118743628,-0.10963465,-0.13930272,0.035407137,0.7779999,0.013103646,2.5640223,0.009999999776482582
4.0,0.0,2.44,28.43,76,2000,False,108000,2936,54,2dc24538b8f64619bce455646e44fe69,2020-01-20_14-28-25,1579526905,25.82263469696045,1369.1742737293243,6060,fabien-GE62VR-6RF,192.168.0.15,1369.1742737293243,108000,54,1,7cae6c8e,0,0.0,0.0,0.0,0.0,1.0,1.0,1.0,1.0,0.61,0.61,0.61,0.61,5.4706718516698905,1.492315798897387,3.438515081652537,108000,108000,23610.131,220.457,4391.606,24.837,75.47500000000001,81.81111111111112,1.5187499523162842,0.0002500000118743628,-0.105923,-0.1391406,0.035493933,0.7842072,0.014299504,2.3993692,0.009999999776482582,1.5187499523162842,0.0002500000118743628,-0.10970782,-0.14072978,0.036504064,0.77265114,0.013040019,2.5286634,0.009999999776482582,1.5187499523162842,0.0002500000118743628,-0.108214244,-0.13820548,0.03602107,0.78102016,0.012607368,2.5177276,0.009999999776482582,1.5187499523162842,0.0002500000118743628,-0.11416273,-0.1457501,0.03672229,0.77506256,0.013355652,2.5418801,0.009999999776482582
4.0,0.0,2.6,27.93,75,2000,False,110000,3011,55,2dc24538b8f64619bce455646e44fe69,2020-01-20_14-28-52,1579526932,26.281685829162598,1395.455959558487,6060,fabien-GE62VR-6RF,192.168.0.15,1395.455959558487,110000,55,1,7cae6c8e,0,0.0,0.0,0.0,0.0,1.0,1.0,1.0,1.0,0.65,0.65,0.65,0.65,5.470112344286677,1.5003129989560164,3.440121915925524,110000,110000,23468.762,189.202,4323.44,24.935,85.79736842105265,82.42368421052633,1.5187499523162842,0.0002500000118743628,-0.10437086,-0.13955915,0.035870865,0.784613,0.015263168,2.3863506,0.009999999776482582,1.5187499523162842,0.0002500000118743628,-0.1035618,-0.13457021,0.03645409,0.7822262,0.013039205,2.5248973,0.009999999776482582,1.5187499523162842,0.0002500000118743628,-0.1051987,-0.1362959,0.035838515,0.7854978,0.013356362,2.5026295,0.009999999776482582,1.5187499523162842,0.0002500000118743628,-0.10804911,-0.13930374,0.035313502,0.7852572,0.0139533235,2.5250463,0.009999999776482582
4.0,0.0,2.52,27.6,77,2000,False,112000,3088,56,2dc24538b8f64619bce455646e44fe69,2020-01-20_14-29-18,1579526958,26.027670860290527,1421.4836304187775,6060,fabien-GE62VR-6RF,192.168.0.15,1421.4836304187775,112000,56,1,7cae6c8e,0,0.0,0.0,0.0,0.0,1.0,1.0,1.0,1.0,0.63,0.63,0.63,0.63,5.470234289382439,1.5085440025578745,3.441113943811599,112000,112000,23156.386,181.608,4258.221,25.03,89.37567567567567,82.80540540540541,1.5187499523162842,0.0002500000118743628,-0.10482914,-0.14169432,0.0407967,0.74173176,0.01302176,2.370832,0.009999999776482582,1.5187499523162842,0.0002500000118743628,-0.112578504,-0.15278289,0.042422462,0.7310813,0.015010603,2.501542,0.009999999776482582,1.5187499523162842,0.0002500000118743628,-0.11162239,-0.15106349,0.042540256,0.73246837,0.014508037,2.5133252,0.009999999776482582,1.5187499523162842,0.0002500000118743628,-0.115261115,-0.15261926,0.041771933,0.7338217,0.013766307,2.5321374,0.009999999776482582
4.0,0.0,2.44,28.18,71,2000,False,114000,3159,57,2dc24538b8f64619bce455646e44fe69,2020-01-20_14-29-43,1579526983,25.87230896949768,1447.3559393882751,6060,fabien-GE62VR-6RF,192.168.0.15,1447.3559393882751,114000,57,1,7cae6c8e,0,0.0,0.0,0.0,0.0,1.0,1.0,1.0,1.0,0.61,0.61,0.61,0.61,5.470039730160679,1.5144946467795206,3.442259425409577,114000,114000,22812.981,175.064,4220.516,25.37,89.37567567567568,82.97297297297295,1.5187499523162842,0.0002500000118743628,-0.11464426,-0.14146222,0.031173116,0.79921883,0.013066128,2.4199338,0.009999999776482582,1.5187499523162842,0.0002500000118743628,-0.11861976,-0.14362472,0.029773537,0.8077876,0.013507504,2.5283103,0.009999999776482582,1.5187499523162842,0.0002500000118743628,-0.11827518,-0.14477853,0.03074567,0.80415344,0.013912694,2.5372226,0.009999999776482582,1.5187499523162842,0.0002500000118743628,-0.11991507,-0.14680618,0.030834805,0.80359155,0.014273411,2.5621428,0.009999999776482582
4.0,0.0,2.92,22.08,89,2000,False,116000,3248,58,2dc24538b8f64619bce455646e44fe69,2020-01-20_14-30-10,1579527010,26.377058029174805,1473.73299741745,6060,fabien-GE62VR-6RF,192.168.0.15,1473.73299741745,116000,58,1,7cae6c8e,0,0.0,0.0,0.0,0.0,1.0,1.0,1.0,1.0,0.73,0.73,0.73,0.73,5.468910169044751,1.5262339566496468,3.4433234193919464,116000,116000,22778.472,173.262,4200.854,24.569,89.02631578947367,83.19999999999996,1.5187499523162842,0.0002500000118743628,-0.1022315,-0.13895632,0.039490063,0.77043664,0.0131612485,2.2753885,0.009999999776482582,1.5187499523162842,0.0002500000118743628,-0.110759765,-0.14832756,0.03871589,0.7773502,0.015301014,2.438653,0.009999999776482582,1.5187499523162842,0.0002500000118743628,-0.11093274,-0.14646506,0.038672082,0.7782806,0.014074402,2.4515257,0.009999999776482582,1.5187499523162842,0.0002500000118743628,-0.11471966,-0.1510556,0.03894439,0.7771429,0.014613336,2.4802454,0.009999999776482582
4.0,0.0,3.0,20.33,96,2000,False,118000,3344,59,2dc24538b8f64619bce455646e44fe69,2020-01-20_14-30-37,1579527037,26.971241235733032,1500.704238653183,6060,fabien-GE62VR-6RF,192.168.0.15,1500.704238653183,118000,59,1,7cae6c8e,0,0.0,0.0,0.0,0.0,1.0,1.0,1.0,1.0,0.75,0.75,0.75,0.75,5.468731144201872,1.5407275203330126,3.4449329408536005,118000,118000,22495.263,168.672,4123.163,20.995,89.16052631578947,82.24210526315788,1.5187499523162842,0.0002500000118743628,-0.090682186,-0.13152102,0.04397,0.75025845,0.01258497,2.2244596,0.009999999776482582,1.5187499523162842,0.0002500000118743628,-0.09797238,-0.13912912,0.04367782,0.749454,0.01411061,2.3951573,0.009999999776482582,1.5187499523162842,0.0002500000118743628,-0.096605286,-0.13746776,0.044577792,0.74641633,0.013466734,2.4167933,0.009999999776482582,1.5187499523162842,0.0002500000118743628,-0.10645885,-0.14537501,0.04233913,0.75493413,0.01394913,2.4608207,0.009999999776482582
4.0,0.0,2.96,25.41,76,2000,False,120000,3420,60,2dc24538b8f64619bce455646e44fe69,2020-01-20_14-31-03,1579527063,25.891493558883667,1526.5957322120667,6060,fabien-GE62VR-6RF,192.168.0.15,1526.5957322120667,120000,60,1,7cae6c8e,0,0.0,0.0,0.0,0.0,1.0,1.0,1.0,1.0,0.74,0.74,0.74,0.74,5.468380006458708,1.5461799629717154,3.4452926471594933,120000,120000,22266.785,164.356,4021.854,21.581,89.18648648648649,82.14864864864862,1.5187499523162842,0.0002500000118743628,-0.106542505,-0.13155654,0.028897665,0.83895767,0.012929274,2.3519967,0.009999999776482582,1.5187499523162842,0.0002500000118743628,-0.11283706,-0.13617483,0.027953446,0.84408486,0.013389285,2.4950664,0.009999999776482582,1.5187499523162842,0.0002500000118743628,-0.10987864,-0.13293907,0.028491694,0.8401447,0.012889142,2.5006647,0.009999999776482582,1.5187499523162842,0.0002500000118743628,-0.11978382,-0.14205495,0.027123801,0.84924674,0.013492967,2.534512,0.009999999776482582
4.0,0.0,3.0,25.6,76,2000,False,122000,3496,61,2dc24538b8f64619bce455646e44fe69,2020-01-20_14-31-29,1579527089,25.804224252700806,1552.3999564647675,6060,fabien-GE62VR-6RF,192.168.0.15,1552.3999564647675,122000,61,1,7cae6c8e,0,0.0,0.0,0.0,0.0,1.0,1.0,1.0,1.0,0.75,0.75,0.75,0.75,5.467181362021165,1.552505391499779,3.4457228479129145,122000,122000,22058.655,157.241,3941.686,20.74,89.18378378378377,82.4054054054054,1.5187499523162842,0.0002500000118743628,-0.107568495,-0.1342766,0.029924208,0.8313195,0.013332643,2.346506,0.009999999776482582,1.5187499523162842,0.0002500000118743628,-0.11854368,-0.14508696,0.029523488,0.83117306,0.014394455,2.4841774,0.009999999776482582,1.5187499523162842,0.0002500000118743628,-0.11554155,-0.14130136,0.029540127,0.8322373,0.014028069,2.5085433,0.009999999776482582,1.5187499523162842,0.0002500000118743628,-0.119568914,-0.14426199,0.02866333,0.83715445,0.0139619745,2.5175016,0.009999999776482582
4.0,0.0,2.96,21.61,92,2000,False,124000,3588,62,2dc24538b8f64619bce455646e44fe69,2020-01-20_14-31-55,1579527115,26.491196155548096,1578.8911526203156,6060,fabien-GE62VR-6RF,192.168.0.15,1578.8911526203156,124000,62,1,7cae6c8e,0,0.0,0.0,0.0,0.0,1.0,1.0,1.0,1.0,0.74,0.74,0.74,0.74,5.466340284400664,1.5639655159719834,3.446254847697186,124000,124000,22011.831,154.286,3942.179,20.599,89.20789473684212,82.57894736842103,1.5187499523162842,0.0002500000118743628,-0.093919516,-0.1367806,0.043585885,0.75030494,0.014393248,2.2584565,0.009999999776482582,1.5187499523162842,0.0002500000118743628,-0.10494788,-0.14590742,0.04335358,0.7527808,0.014371188,2.4220288,0.009999999776482582,1.5187499523162842,0.0002500000118743628,-0.10039474,-0.14177854,0.04306134,0.7576344,0.014955316,2.4390914,0.009999999776482582,1.5187499523162842,0.0002500000118743628,-0.1075926,-0.14741263,0.042573303,0.75746983,0.014317572,2.4498098,0.009999999776482582
4.0,0.0,2.64,25.74,72,2000,False,126000,3660,63,2dc24538b8f64619bce455646e44fe69,2020-01-20_14-32-21,1579527141,25.874678134918213,1604.7658307552338,6060,fabien-GE62VR-6RF,192.168.0.15,1604.7658307552338,126000,63,1,7cae6c8e,0,0.0,0.0,0.0,0.0,1.0,1.0,1.0,1.0,0.66,0.66,0.66,0.66,5.466280362739545,1.5681407438334416,3.4469439122899517,126000,126000,22019.616,150.062,3942.401,20.79,89.13783783783784,82.72162162162164,1.5187499523162842,0.0002500000118743628,-0.10676316,-0.14619446,0.0423009,0.72751504,0.013742159,2.3740501,0.009999999776482582,1.5187499523162842,0.0002500000118743628,-0.11753936,-0.15846042,0.041849434,0.7289153,0.015996687,2.5223339,0.009999999776482582,1.5187499523162842,0.0002500000118743628,-0.114503115,-0.15384091,0.042596623,0.72239375,0.014515575,2.5304346,0.009999999776482582,1.5187499523162842,0.0002500000118743628,-0.1173766,-0.15624025,0.041270487,0.7328404,0.015296497,2.5638413,0.009999999776482582
4.0,0.0,2.68,26.92,73,2000,False,128000,3733,64,2dc24538b8f64619bce455646e44fe69,2020-01-20_14-32-48,1579527168,26.73943543434143,1631.5052661895752,6060,fabien-GE62VR-6RF,192.168.0.15,1631.5052661895752,128000,64,1,7cae6c8e,0,0.0,0.0,0.0,0.0,1.0,1.0,1.0,1.0,0.67,0.67,0.67,0.67,5.468174371119085,1.5735293026770136,3.4487485550219343,128000,128000,22094.244,147.314,3962.46,20.537,89.96578947368421,82.92631578947366,1.5187499523162842,0.0002500000118743628,-0.112497956,-0.14426163,0.035406876,0.78231066,0.013173785,2.3650885,0.009999999776482582,1.5187499523162842,0.0002500000118743628,-0.120588735,-0.15112586,0.03463817,0.78561366,0.013989773,2.5348,0.009999999776482582,1.5187499523162842,0.0002500000118743628,-0.11824453,-0.15099165,0.03533297,0.7778357,0.014897225,2.5211022,0.009999999776482582,1.5187499523162842,0.0002500000118743628,-0.12578884,-0.15620896,0.034206774,0.79169935,0.014387162,2.5637157,0.009999999776482582
4.0,0.0,2.6,27.55,75,2000,False,130000,3808,65,2dc24538b8f64619bce455646e44fe69,2020-01-20_14-33-16,1579527196,28.281684160232544,1659.7869503498077,6060,fabien-GE62VR-6RF,192.168.0.15,1659.7869503498077,130000,65,1,7cae6c8e,0,0.0,0.0,0.0,0.0,1.0,1.0,1.0,1.0,0.65,0.65,0.65,0.65,5.470826242784735,1.57960281428788,3.4513155078206315,130000,130000,22150.058,146.409,4106.933,21.003,90.3375,83.425,1.5187499523162842,0.0002500000118743628,-0.107881516,-0.1453119,0.04021942,0.74543124,0.013582101,2.3416858,0.009999999776482582,1.5187499523162842,0.0002500000118743628,-0.11759529,-0.15377496,0.039003804,0.7499506,0.014687377,2.5130596,0.009999999776482582,1.5187499523162842,0.0002500000118743628,-0.115370154,-0.15110542,0.038874738,0.7481009,0.0145471245,2.5232916,0.009999999776482582,1.5187499523162842,0.0002500000118743628,-0.12147437,-0.15507875,0.03766791,0.75804365,0.0140347555,2.5378811,0.009999999776482582
4.0,0.0,2.88,23.48,82,2000,False,132000,3890,66,2dc24538b8f64619bce455646e44fe69,2020-01-20_14-33-45,1579527225,28.749542474746704,1688.5364928245544,6060,fabien-GE62VR-6RF,192.168.0.15,1688.5364928245544,132000,66,1,7cae6c8e,0,0.0,0.0,0.0,0.0,1.0,1.0,1.0,1.0,0.72,0.72,0.72,0.72,5.478434611125447,1.5887473068986493,3.45862220776998,132000,132000,22412.026,147.101,4115.711,21.712,90.84634146341463,82.86585365853658,1.5187499523162842,0.0002500000118743628,-0.117170855,-0.14610511,0.031381644,0.8181101,0.013585522,2.3080409,0.009999999776482582,1.5187499523162842,0.0002500000118743628,-0.12239557,-0.15129139,0.031332105,0.82076365,0.014839501,2.4973779,0.009999999776482582,1.5187499523162842,0.0002500000118743628,-0.12511674,-0.15304878,0.029507363,0.8262642,0.015457539,2.505147,0.009999999776482582,1.5187499523162842,0.0002500000118743628,-0.12744325,-0.15573066,0.03065062,0.82225454,0.014970654,2.5099897,0.009999999776482582
4.0,0.0,2.8627450980392157,19.401960784313726,102,2000,False,134000,3992,67,2dc24538b8f64619bce455646e44fe69,2020-01-20_14-34-15,1579527255,29.663774490356445,1718.200267314911,6060,fabien-GE62VR-6RF,192.168.0.15,1718.200267314911,134000,67,1,7cae6c8e,0,0.0,0.0,0.0,0.0,1.0,1.0,1.0,1.0,0.7156862745098039,0.7156862745098039,0.7156862745098039,0.7156862745098039,5.484567599610034,1.6050742007562635,3.4664723438312444,134000,134000,22701.048,155.346,4196.371,22.451,91.25581395348836,83.29302325581396,1.5187499523162842,0.0002500000118743628,-0.08803385,-0.13617203,0.04998617,0.6949183,0.013050704,2.1668754,0.009999999776482582,1.5187499523162842,0.0002500000118743628,-0.09846478,-0.14443931,0.048014343,0.71038485,0.014465829,2.4009786,0.009999999776482582,1.5187499523162842,0.0002500000118743628,-0.100632876,-0.14549682,0.047049493,0.7108238,0.014476104,2.4171138,0.009999999776482582,1.5187499523162842,0.0002500000118743628,-0.10015947,-0.14602813,0.0476501,0.7088131,0.014681721,2.4079309,0.009999999776482582
4.0,0.0,2.96,20.82,93,2000,False,136000,4085,68,2dc24538b8f64619bce455646e44fe69,2020-01-20_14-34-42,1579527282,27.177806615829468,1745.3780739307404,6060,fabien-GE62VR-6RF,192.168.0.15,1745.3780739307404,136000,68,1,7cae6c8e,0,0.0,0.0,0.0,0.0,1.0,1.0,1.0,1.0,0.74,0.74,0.74,0.74,5.485580481436022,1.6145595982248175,3.4682610767959843,136000,136000,22781.029,153.779,4197.639,22.791,89.8153846153846,82.65128205128202,1.5187499523162842,0.0002500000118743628,-0.09836139,-0.13837558,0.041904293,0.7581159,0.013459142,2.2331178,0.009999999776482582,1.5187499523162842,0.0002500000118743628,-0.108418785,-0.14679793,0.04042165,0.76829755,0.014794719,2.4511998,0.009999999776482582,1.5187499523162842,0.0002500000118743628,-0.10502589,-0.1419509,0.04037154,0.76579183,0.013962997,2.4652815,0.009999999776482582,1.5187499523162842,0.0002500000118743628,-0.10867461,-0.1453695,0.040736213,0.7670492,0.013614546,2.4718394,0.009999999776482582
4.0,0.0,2.72,22.61,93,2000,False,138000,4178,69,2dc24538b8f64619bce455646e44fe69,2020-01-20_14-35-08,1579527308,26.690114974975586,1772.068188905716,6060,fabien-GE62VR-6RF,192.168.0.15,1772.068188905716,138000,69,1,7cae6c8e,0,0.0,0.0,0.0,0.0,1.0,1.0,1.0,1.0,0.68,0.68,0.68,0.68,5.48506816006373,1.6237161237542435,3.4681488252395254,138000,138000,22737.349,149.258,4217.9,22.628,89.2315789473684,82.73421052631578,1.5187499523162842,0.0002500000118743628,-0.08993368,-0.1302462,0.04486632,0.7377777,0.011591123,2.2157812,0.009999999776482582,1.5187499523162842,0.0002500000118743628,-0.1043741,-0.14570272,0.044343736,0.7378357,0.014048042,2.435061,0.009999999776482582,1.5187499523162842,0.0002500000118743628,-0.100565955,-0.14229426,0.04476238,0.73566055,0.014189624,2.4584558,0.009999999776482582,1.5187499523162842,0.0002500000118743628,-0.10445285,-0.14387992,0.04445608,0.7382879,0.01285744,2.4556231,0.009999999776482582
4.0,0.0,2.84,24.17,78,2000,False,140000,4256,70,2dc24538b8f64619bce455646e44fe69,2020-01-20_14-35-35,1579527335,26.83051609992981,1798.8987050056458,6060,fabien-GE62VR-6RF,192.168.0.15,1798.8987050056458,140000,70,1,7cae6c8e,0,0.0,0.0,0.0,0.0,1.0,1.0,1.0,1.0,0.71,0.71,0.71,0.71,5.486907333594484,1.6287780342203038,3.469747039262196,140000,140000,22828.098,151.344,4219.342,22.667,90.10789473684213,82.93947368421057,1.5187499523162842,0.0002500000118743628,-0.104992315,-0.13388331,0.03279324,0.81275094,0.01269682,2.318554,0.009999999776482582,1.5187499523162842,0.0002500000118743628,-0.11510616,-0.14214298,0.032167323,0.81832325,0.013099582,2.5025501,0.009999999776482582,1.5187499523162842,0.0002500000118743628,-0.11630261,-0.14300834,0.031951018,0.81749433,0.013058887,2.5078492,0.009999999776482582,1.5187499523162842,0.0002500000118743628,-0.11649571,-0.14263184,0.031241044,0.820257,0.013237862,2.520994,0.009999999776482582
4.0,0.0,3.08,23.28,85,2000,False,142000,4341,71,2dc24538b8f64619bce455646e44fe69,2020-01-20_14-36-03,1579527363,27.620508909225464,1826.5192139148712,6060,fabien-GE62VR-6RF,192.168.0.15,1826.5192139148712,142000,71,1,7cae6c8e,0,0.0,0.0,0.0,0.0,1.0,1.0,1.0,1.0,0.77,0.77,0.77,0.77,5.490208339624153,1.6367711173140276,3.473116363631817,142000,142000,22997.704,160.107,4221.806,23.436,90.40256410256411,83.42051282051283,1.5187499523162842,0.0002500000118743628,-0.09702187,-0.1360555,0.03970192,0.77101326,0.0143772345,2.2503722,0.009999999776482582,1.5187499523162842,0.0002500000118743628,-0.104802445,-0.14219539,0.03960196,0.77197075,0.014845,2.4754863,0.009999999776482582,1.5187499523162842,0.0002500000118743628,-0.10042827,-0.13697344,0.03958549,0.77068883,0.014315089,2.4781363,0.009999999776482582,1.5187499523162842,0.0002500000118743628,-0.11080785,-0.14628644,0.039157715,0.77282214,0.013876888,2.4754624,0.009999999776482582
4.0,0.0,2.68,27.21,71,2000,False,144000,4412,72,2dc24538b8f64619bce455646e44fe69,2020-01-20_14-36-31,1579527391,27.765435218811035,1854.2846491336823,6060,fabien-GE62VR-6RF,192.168.0.15,1854.2846491336823,144000,72,1,7cae6c8e,0,0.0,0.0,0.0,0.0,1.0,1.0,1.0,1.0,0.67,0.67,0.67,0.67,5.494738220873371,1.641525291070506,3.4771114900773297,144000,144000,23118.309,165.996,4222.441,23.685,90.9425,85.0975,1.5187499523162842,0.0002500000118743628,-0.10080149,-0.13328752,0.035610482,0.78420067,0.01348103,2.3598764,0.009999999776482582,1.5187499523162842,0.0002500000118743628,-0.11237423,-0.14458017,0.035358705,0.78307194,0.014678163,2.5445225,0.009999999776482582,1.5187499523162842,0.0002500000118743628,-0.11311042,-0.1420732,0.03386856,0.79002655,0.013579022,2.5528915,0.009999999776482582,1.5187499523162842,0.0002500000118743628,-0.11342654,-0.1440811,0.035766266,0.7820981,0.013527324,2.5656307,0.009999999776482582
4.0,0.0,2.96,23.68,83,2000,False,146000,4495,73,2dc24538b8f64619bce455646e44fe69,2020-01-20_14-36-58,1579527418,27.108867168426514,1881.3935163021088,6060,fabien-GE62VR-6RF,192.168.0.15,1881.3935163021088,146000,73,1,7cae6c8e,0,0.0,0.0,0.0,0.0,1.0,1.0,1.0,1.0,0.74,0.74,0.74,0.74,5.496738785197079,1.648223317094444,3.4793171469640423,146000,146000,23189.189,183.56,4257.492,23.575,89.98461538461538,84.88974358974359,1.5187499523162842,0.0002500000118743628,-0.11039618,-0.14061193,0.031527482,0.81477356,0.01385399,2.2352474,0.009999999776482582,1.5187499523162842,0.0002500000118743628,-0.118404835,-0.1491596,0.03205254,0.8151163,0.015298542,2.4532425,0.009999999776482582,1.5187499523162842,0.0002500000118743628,-0.121906415,-0.1506543,0.030954897,0.8179891,0.014835173,2.4737928,0.009999999776482582,1.5187499523162842,0.0002500000118743628,-0.11798054,-0.14461562,0.031075308,0.82165974,0.013325672,2.4678593,0.009999999776482582
4.0,0.0,3.2,23.41,88,2000,False,148000,4583,74,2dc24538b8f64619bce455646e44fe69,2020-01-20_14-37-26,1579527446,27.791742086410522,1909.1852583885193,6060,fabien-GE62VR-6RF,192.168.0.15,1909.1852583885193,148000,74,1,7cae6c8e,0,0.0,0.0,0.0,0.0,1.0,1.0,1.0,1.0,0.8,0.8,0.8,0.8,5.500017171174653,1.656290306889015,3.481610864486754,148000,148000,23292.649,187.367,4254.31,23.402,90.26,85.03999999999999,1.5187499523162842,0.0002500000118743628,-0.104248956,-0.13676488,0.033632826,0.7993746,0.013801599,2.207806,0.009999999776482582,1.5187499523162842,0.0002500000118743628,-0.11036024,-0.1416419,0.034481592,0.79676104,0.014177949,2.4732683,0.009999999776482582,1.5187499523162842,0.0002500000118743628,-0.10837531,-0.13985626,0.034306154,0.7957988,0.014430383,2.474134,0.009999999776482582,1.5187499523162842,0.0002500000118743628,-0.11703475,-0.14697179,0.032987535,0.8057058,0.014245916,2.4686484,0.009999999776482582
4.0,0.0,2.92,22.89,81,2000,False,150000,4664,75,2dc24538b8f64619bce455646e44fe69,2020-01-20_14-37-52,1579527472,26.825494527816772,1936.010752916336,6060,fabien-GE62VR-6RF,192.168.0.15,1936.010752916336,150000,75,1,7cae6c8e,0,0.0,0.0,0.0,0.0,1.0,1.0,1.0,1.0,0.73,0.73,0.73,0.73,5.501255183268245,1.6617630875055869,3.483436532111617,150000,150000,23299.5,190.784,4098.106,23.827,90.12105263157896,85.12631578947368,1.5187499523162842,0.0002500000118743628,-0.09763028,-0.13856469,0.042447843,0.73908293,0.013826735,2.251277,0.009999999776482582,1.5187499523162842,0.0002500000118743628,-0.10779469,-0.1498796,0.04230845,0.73996985,0.016265512,2.4926796,0.009999999776482582,1.5187499523162842,0.0002500000118743628,-0.107254185,-0.14967239,0.044284467,0.7316909,0.015393285,2.5244799,0.009999999776482582,1.5187499523162842,0.0002500000118743628,-0.10988222,-0.15151864,0.043427788,0.7343147,0.015253724,2.4957962,0.009999999776482582
4.0,0.0,2.72,25.1,73,2000,False,152000,4737,76,2dc24538b8f64619bce455646e44fe69,2020-01-20_14-38-19,1579527499,26.677350759506226,1962.6881036758423,6060,fabien-GE62VR-6RF,192.168.0.15,1962.6881036758423,152000,76,1,7cae6c8e,0,0.0,0.0,0.0,0.0,1.0,1.0,1.0,1.0,0.68,0.68,0.68,0.68,5.5034194057297805,1.665249575755556,3.484543022787093,152000,152000,23092.374,198.403,4091.433,22.849,89.96578947368421,85.48684210526315,1.5187499523162842,0.0002500000118743628,-0.10552268,-0.13596958,0.034719456,0.77446556,0.012632729,2.3458505,0.009999999776482582,1.5187499523162842,0.0002500000118743628,-0.117052495,-0.1478053,0.035012964,0.7721138,0.014049024,2.5597126,0.009999999776482582,1.5187499523162842,0.0002500000118743628,-0.11370139,-0.14330338,0.034107022,0.7786081,0.014058347,2.585616,0.009999999776482582,1.5187499523162842,0.0002500000118743628,-0.118812874,-0.14779058,0.03363864,0.7787267,0.013817491,2.5646262,0.009999999776482582
4.0,0.0,3.16,22.05,89,2000,False,154000,4826,77,2dc24538b8f64619bce455646e44fe69,2020-01-20_14-38-46,1579527526,26.828811645507812,1989.51691532135,6060,fabien-GE62VR-6RF,192.168.0.15,1989.51691532135,154000,77,1,7cae6c8e,0,0.0,0.0,0.0,0.0,1.0,1.0,1.0,1.0,0.79,0.79,0.79,0.79,5.504606232051847,1.6722554579681617,3.4854059308329797,154000,154000,22896.201,194.562,4009.245,21.977,89.51052631578949,85.24210526315788,1.5187499523162842,0.0002500000118743628,-0.10884586,-0.14444317,0.036584184,0.77168465,0.013707425,2.180502,0.009999999776482582,1.5187499523162842,0.0002500000118743628,-0.119298294,-0.15567228,0.03687971,0.7657105,0.0158169,2.452765,0.009999999776482582,1.5187499523162842,0.0002500000118743628,-0.12056252,-0.15585403,0.037794556,0.76445407,0.014721217,2.4860892,0.009999999776482582,1.5187499523162842,0.0002500000118743628,-0.121287376,-0.15855859,0.037304327,0.7688657,0.016190812,2.4622908,0.009999999776482582
4.0,0.0,2.68,27.17,69,2000,False,156000,4895,78,2dc24538b8f64619bce455646e44fe69,2020-01-20_14-39-13,1579527553,26.801799535751343,2016.3187148571014,6060,fabien-GE62VR-6RF,192.168.0.15,2016.3187148571014,156000,78,1,7cae6c8e,0,0.0,0.0,0.0,0.0,1.0,1.0,1.0,1.0,0.67,0.67,0.67,0.67,5.5055119311310206,1.6744617774627317,3.4871018540906253,156000,156000,22825.31,196.922,4039.615,21.853,90.02105263157895,85.31052631578949,1.5187499523162842,0.0002500000118743628,-0.109959595,-0.1375036,0.030588128,0.80174726,0.013377236,2.3360791,0.009999999776482582,1.5187499523162842,0.0002500000118743628,-0.120122045,-0.14795901,0.03171796,0.792803,0.014256574,2.5533183,0.009999999776482582,1.5187499523162842,0.0002500000118743628,-0.12156665,-0.14838521,0.029735437,0.80520666,0.015060263,2.578967,0.009999999776482582,1.5187499523162842,0.0002500000118743628,-0.12281231,-0.14947845,0.030384708,0.80131066,0.014509756,2.5755253,0.009999999776482582
4.0,0.0,3.2523364485981308,19.074766355140188,107,2000,False,158000,5002,79,2dc24538b8f64619bce455646e44fe69,2020-01-20_14-39-41,1579527581,28.315287351608276,2044.6340022087097,6060,fabien-GE62VR-6RF,192.168.0.15,2044.6340022087097,158000,79,1,7cae6c8e,0,0.0,0.0,0.0,0.0,1.0,1.0,1.0,1.0,0.8130841121495327,0.8130841121495327,0.8130841121495327,0.8130841121495327,5.507443864294502,1.6871494259750008,3.4903957364215143,158000,158000,22988.765,201.911,4032.641,22.877,90.1439024390244,85.3780487804878,1.5187499523162842,0.0002500000118743628,-0.09739749,-0.13438104,0.03725405,0.7570947,0.013162965,2.026174,0.009999999776482582,1.5187499523162842,0.0002500000118743628,-0.10658188,-0.14158517,0.03688027,0.755844,0.0142974965,2.3591294,0.009999999776482582,1.5187499523162842,0.0002500000118743628,-0.10906512,-0.14508453,0.037455123,0.75377464,0.01499555,2.4210215,0.009999999776482582,1.5187499523162842,0.0002500000118743628,-0.10630684,-0.14155343,0.03715685,0.7587955,0.014424635,2.3817668,0.009999999776482582
4.0,0.0,3.24,20.47,97,2000,False,160000,5099,80,2dc24538b8f64619bce455646e44fe69,2020-01-20_14-40-09,1579527609,27.84777021408081,2072.4817724227905,6060,fabien-GE62VR-6RF,192.168.0.15,2072.4817724227905,160000,80,1,7cae6c8e,0,0.0,0.0,0.0,0.0,1.0,1.0,1.0,1.0,0.81,0.81,0.81,0.81,5.508519010911085,1.6959010511198582,3.492089591030169,160000,160000,23060.625,207.011,4057.657,22.595,90.385,85.51500000000001,1.5187499523162842,0.0002500000118743628,-0.09515305,-0.12558195,0.03142014,0.81376344,0.013198506,2.1036472,0.009999999776482582,1.5187499523162842,0.0002500000118743628,-0.109569296,-0.13873827,0.030547969,0.8130887,0.014844071,2.3923423,0.009999999776482582,1.5187499523162842,0.0002500000118743628,-0.10821737,-0.13578556,0.030887244,0.81283605,0.0140485205,2.4655225,0.009999999776482582,1.5187499523162842,0.0002500000118743628,-0.10928533,-0.13556775,0.030401649,0.81520396,0.013482592,2.4595907,0.009999999776482582
4.0,0.0,3.16,20.86,95,2000,False,162000,5194,81,2dc24538b8f64619bce455646e44fe69,2020-01-20_14-40-37,1579527637,27.508253812789917,2099.9900262355804,6060,fabien-GE62VR-6RF,192.168.0.15,2099.9900262355804,162000,81,1,7cae6c8e,0,0.0,0.0,0.0,0.0,1.0,1.0,1.0,1.0,0.79,0.79,0.79,0.79,5.509501144336108,1.703983906104902,3.493760969110772,162000,162000,23050.497,204.468,4059.668,22.026,90.24358974358972,85.7205128205128,1.5187499523162842,0.0002500000118743628,-0.10065981,-0.13583474,0.037034467,0.7730936,0.012726655,2.118813,0.009999999776482582,1.5187499523162842,0.0002500000118743628,-0.10677168,-0.14229782,0.036528535,0.7758866,0.015252669,2.416739,0.009999999776482582,1.5187499523162842,0.0002500000118743628,-0.10914022,-0.14418443,0.038135804,0.7685001,0.014098745,2.450407,0.009999999776482582,1.5187499523162842,0.0002500000118743628,-0.1094727,-0.14386247,0.038685117,0.7655244,0.0133843105,2.4622755,0.009999999776482582
4.0,0.0,3.32,22.22,87,2000,False,164000,5281,82,2dc24538b8f64619bce455646e44fe69,2020-01-20_14-41-05,1579527665,28.270994663238525,2128.261020898819,6060,fabien-GE62VR-6RF,192.168.0.15,2128.261020898819,164000,82,1,7cae6c8e,0,0.0,0.0,0.0,0.0,1.0,1.0,1.0,1.0,0.83,0.83,0.83,0.83,5.5122448293465185,1.7103556577142882,3.4977664909060615,164000,164000,23083.023,204.914,4076.033,21.842,90.87,86.0925,1.5187499523162842,0.0002500000118743628,-0.09990315,-0.124988005,0.02911086,0.8343772,0.011596563,2.163829,0.009999999776482582,1.5187499523162842,0.0002500000118743628,-0.10715757,-0.13324913,0.030030899,0.82879597,0.013408838,2.4303997,0.009999999776482582,1.5187499523162842,0.0002500000118743628,-0.10863994,-0.13316238,0.029993646,0.828667,0.01284877,2.4985287,0.009999999776482582,1.5187499523162842,0.0002500000118743628,-0.11015539,-0.13518943,0.030604752,0.82495373,0.012650777,2.4784079,0.009999999776482582
4.0,0.0,3.2475247524752477,19.782178217821784,101,2000,False,166000,5382,83,2dc24538b8f64619bce455646e44fe69,2020-01-20_14-41-33,1579527693,28.364341497421265,2156.6253623962402,6060,fabien-GE62VR-6RF,192.168.0.15,2156.6253623962402,166000,83,1,7cae6c8e,0,0.0,0.0,0.0,0.0,1.0,1.0,1.0,1.0,0.8118811881188119,0.8118811881188119,0.8118811881188119,0.8118811881188119,5.513745005844969,1.7210402394404456,3.501110325777326,166000,166000,23218.789,195.883,4072.203,24.372,90.4829268292683,86.29024390243904,1.5187499523162842,0.0002500000118743628,-0.088627495,-0.12526241,0.03867525,0.75256914,0.012164928,2.0515811,0.009999999776482582,1.5187499523162842,0.0002500000118743628,-0.104796454,-0.13932696,0.036773894,0.7597868,0.014061339,2.3599052,0.009999999776482582,1.5187499523162842,0.0002500000118743628,-0.103495724,-0.13897514,0.039565645,0.7483847,0.013428322,2.4480498,0.009999999776482582,1.5187499523162842,0.0002500000118743628,-0.10429387,-0.13793747,0.037650175,0.7593198,0.013386232,2.4336913,0.009999999776482582
4.0,0.0,3.4,21.86,88,2000,False,168000,5470,84,2dc24538b8f64619bce455646e44fe69,2020-01-20_14-42-01,1579527721,27.665316820144653,2184.290679216385,6060,fabien-GE62VR-6RF,192.168.0.15,2184.290679216385,168000,84,1,7cae6c8e,0,0.0,0.0,0.0,0.0,1.0,1.0,1.0,1.0,0.85,0.85,0.85,0.85,5.515584379119949,1.7264744932192193,3.5030481127923623,168000,168000,23210.277,191.636,4073.388,24.585,90.47435897435898,86.38205128205132,1.5187499523162842,0.0002500000118743628,-0.101362884,-0.12561023,0.026908595,0.8455907,0.012322012,2.1375299,0.009999999776482582,1.5187499523162842,0.0002500000118743628,-0.12034035,-0.1433954,0.02483881,0.8526695,0.014812387,2.428008,0.009999999776482582,1.5187499523162842,0.0002500000118743628,-0.11515969,-0.13770624,0.026520293,0.84782314,0.01372811,2.482332,0.009999999776482582,1.5187499523162842,0.0002500000118743628,-0.11898324,-0.13984273,0.026194941,0.84853756,0.0126870265,2.4603868,0.009999999776482582
4.0,0.0,3.4018691588785046,18.626168224299064,107,2000,False,170000,5577,85,2dc24538b8f64619bce455646e44fe69,2020-01-20_14-42-29,1579527749,27.78961968421936,2212.0802989006042,6060,fabien-GE62VR-6RF,192.168.0.15,2212.0802989006042,170000,85,1,7cae6c8e,0,0.0,0.0,0.0,0.0,1.0,1.0,1.0,1.0,0.8504672897196262,0.8504672897196262,0.8504672897196262,0.8504672897196262,5.516356575802562,1.7371217503032883,3.5043968586279917,170000,170000,23300.33,189.328,4082.624,23.958,89.9975,86.615,1.5187499523162842,0.0002500000118743628,-0.08787688,-0.12790664,0.040874377,0.6892741,0.0124694435,1.978258,0.009999999776482582,1.5187499523162842,0.0002500000118743628,-0.10454665,-0.1432957,0.039049808,0.7003054,0.015113521,2.3254416,0.009999999776482582,1.5187499523162842,0.0002500000118743628,-0.101363435,-0.13751124,0.03915461,0.7001016,0.014017209,2.4295442,0.009999999776482582,1.5187499523162842,0.0002500000118743628,-0.09965378,-0.13854331,0.041214645,0.685533,0.014096267,2.3733807,0.009999999776482582
4.0,0.0,3.2,23.32,86,2000,False,172000,5663,86,2dc24538b8f64619bce455646e44fe69,2020-01-20_14-42-56,1579527776,26.74306058883667,2238.823359489441,6060,fabien-GE62VR-6RF,192.168.0.15,2238.823359489441,172000,86,1,7cae6c8e,0,0.0,0.0,0.0,0.0,1.0,1.0,1.0,1.0,0.8,0.8,0.8,0.8,5.516438525868284,1.7409242298605256,3.505358314673408,172000,172000,23310.926,183.344,4084.623,23.879,89.43157894736842,86.50789473684212,1.5187499523162842,0.0002500000118743628,-0.10293554,-0.13271378,0.032622468,0.79810107,0.012377186,2.164207,0.009999999776482582,1.5187499523162842,0.0002500000118743628,-0.114391,-0.14388292,0.031881306,0.8031418,0.014395422,2.4252434,0.009999999776482582,1.5187499523162842,0.0002500000118743628,-0.11180054,-0.14152926,0.033641502,0.7944346,0.01393852,2.5081897,0.009999999776482582,1.5187499523162842,0.0002500000118743628,-0.11516811,-0.144194,0.032569487,0.80052125,0.014062071,2.4900348,0.009999999776482582
4.0,0.0,3.04,22.0,87,2000,False,174000,5750,87,2dc24538b8f64619bce455646e44fe69,2020-01-20_14-43-23,1579527803,27.049341440200806,2265.8727009296417,6060,fabien-GE62VR-6RF,192.168.0.15,2265.8727009296417,174000,87,1,7cae6c8e,0,0.0,0.0,0.0,0.0,1.0,1.0,1.0,1.0,0.76,0.76,0.76,0.76,5.517492597914935,1.7458259484897243,3.5062032512215917,174000,174000,23328.874,180.286,4091.831,23.812,89.9051282051282,86.86153846153849,1.5187499523162842,0.0002500000118743628,-0.093542464,-0.12716347,0.036539197,0.77950627,0.012311481,2.1616235,0.009999999776482582,1.5187499523162842,0.0002500000118743628,-0.10807933,-0.14303969,0.036089,0.783718,0.015294945,2.435784,0.009999999776482582,1.5187499523162842,0.0002500000118743628,-0.109259516,-0.14275971,0.03593558,0.78691983,0.014920665,2.509615,0.009999999776482582,1.5187499523162842,0.0002500000118743628,-0.10702928,-0.14155164,0.037350405,0.7792025,0.014544893,2.4918113,0.009999999776482582
4.0,0.0,2.96,24.83,82,2000,False,176000,5832,88,2dc24538b8f64619bce455646e44fe69,2020-01-20_14-43-49,1579527829,26.61746644973755,2292.4901673793793,6060,fabien-GE62VR-6RF,192.168.0.15,2292.4901673793793,176000,88,1,7cae6c8e,0,0.0,0.0,0.0,0.0,1.0,1.0,1.0,1.0,0.74,0.74,0.74,0.74,5.518216719565862,1.7494251185349667,3.5066188825459794,176000,176000,23343.829,174.864,4064.75,23.638,89.45,86.40526315789475,1.5187499523162842,0.0002500000118743628,-0.09610032,-0.13260467,0.0388002,0.75895536,0.013102788,2.2195723,0.009999999776482582,1.5187499523162842,0.0002500000118743628,-0.11285697,-0.14624622,0.035256505,0.7842715,0.015041285,2.471119,0.009999999776482582,1.5187499523162842,0.0002500000118743628,-0.115041256,-0.1491406,0.037107576,0.76903456,0.0147660365,2.543416,0.009999999776482582,1.5187499523162842,0.0002500000118743628,-0.11468835,-0.14733423,0.035877734,0.7779195,0.0144523755,2.5181432,0.009999999776482582
4.0,0.0,3.16,20.21,99,2000,False,178000,5931,89,2dc24538b8f64619bce455646e44fe69,2020-01-20_14-44-19,1579527859,29.366729736328125,2321.8568971157074,6060,fabien-GE62VR-6RF,192.168.0.15,2321.8568971157074,178000,89,1,7cae6c8e,0,0.0,0.0,0.0,0.0,1.0,1.0,1.0,1.0,0.79,0.79,0.79,0.79,5.522787573336995,1.7591586868017564,3.5117282136312475,178000,178000,23444.394,172.24,4073.017,22.605,90.77142857142856,86.45952380952379,1.5187499523162842,0.0002500000118743628,-0.09632843,-0.13322231,0.038291506,0.7539462,0.012691098,2.0672219,0.009999999776482582,1.5187499523162842,0.0002500000118743628,-0.10881548,-0.14494826,0.037024286,0.76889485,0.015161535,2.39181,0.009999999776482582,1.5187499523162842,0.0002500000118743628,-0.10561833,-0.14263102,0.0401766,0.74568945,0.01412743,2.4619942,0.009999999776482582,1.5187499523162842,0.0002500000118743628,-0.10943011,-0.14487556,0.039083336,0.7543557,0.0136170015,2.431871,0.009999999776482582
4.0,0.0,3.04,21.36,91,2000,False,180000,6022,90,2dc24538b8f64619bce455646e44fe69,2020-01-20_14-44-46,1579527886,26.912691593170166,2348.7695887088776,6060,fabien-GE62VR-6RF,192.168.0.15,2348.7695887088776,180000,90,1,7cae6c8e,0,0.0,0.0,0.0,0.0,1.0,1.0,1.0,1.0,0.76,0.76,0.76,0.76,5.522842377672506,1.7639703177131014,3.512220039270286,180000,180000,23374.935,167.808,4053.455,22.581,89.58157894736841,85.44736842105263,1.5187499523162842,0.0002500000118743628,-0.08821658,-0.12343624,0.037064936,0.7782559,0.012714165,2.115492,0.009999999776482582,1.5187499523162842,0.0002500000118743628,-0.106592566,-0.14264542,0.036167476,0.783478,0.016002893,2.4419024,0.009999999776482582,1.5187499523162842,0.0002500000118743628,-0.102852926,-0.1380232,0.037349682,0.7744487,0.0149672385,2.49109,0.009999999776482582,1.5187499523162842,0.0002500000118743628,-0.10513941,-0.13910183,0.037538715,0.77537507,0.013882506,2.4660351,0.009999999776482582
4.0,0.0,3.08,20.05,99,2000,False,182000,6121,91,2dc24538b8f64619bce455646e44fe69,2020-01-20_14-45-15,1579527915,28.974562644958496,2377.744151353836,6060,fabien-GE62VR-6RF,192.168.0.15,2377.744151353836,182000,91,1,7cae6c8e,0,0.0,0.0,0.0,0.0,1.0,1.0,1.0,1.0,0.77,0.77,0.77,0.77,5.526636383555122,1.7729304667670904,3.517091650946567,182000,182000,23533.711,161.247,4048.149,22.304,90.4452380952381,85.38333333333334,1.5187499523162842,0.0002500000118743628,-0.09068896,-0.13560574,0.045027155,0.70137185,0.013413951,2.0482821,0.009999999776482582,1.5187499523162842,0.0002500000118743628,-0.10661345,-0.14873338,0.042974606,0.7141616,0.015198597,2.393755,0.009999999776482582,1.5187499523162842,0.0002500000118743628,-0.10826149,-0.15073662,0.04435581,0.7035954,0.014990792,2.4647946,0.009999999776482582,1.5187499523162842,0.0002500000118743628,-0.105031654,-0.14808775,0.0443658,0.70492184,0.01507546,2.4205556,0.009999999776482582
4.0,0.0,3.411764705882353,19.58823529411765,102,2000,False,184000,6223,92,2dc24538b8f64619bce455646e44fe69,2020-01-20_14-45-41,1579527941,26.881688594818115,2404.625839948654,6060,fabien-GE62VR-6RF,192.168.0.15,2404.625839948654,184000,92,1,7cae6c8e,0,0.0,0.0,0.0,0.0,1.0,1.0,1.0,1.0,0.8529411764705882,0.8529411764705882,0.8529411764705882,0.8529411764705882,5.526070522199902,1.7798442760136253,3.5163591171359094,184000,184000,23416.974,154.163,4034.341,22.381,88.99473684210525,85.3105263157895,1.5187499523162842,0.0002500000118743628,-0.11416167,-0.14301392,0.027715635,0.7983755,0.014032773,2.0175667,0.009999999776482582,1.5187499523162842,0.0002500000118743628,-0.1277529,-0.15328012,0.026920984,0.8029977,0.014846014,2.3941145,0.009999999776482582,1.5187499523162842,0.0002500000118743628,-0.124436826,-0.14996575,0.02896217,0.7878432,0.013781128,2.4363332,0.009999999776482582,1.5187499523162842,0.0002500000118743628,-0.12723932,-0.15369463,0.027795576,0.7967045,0.01494651,2.4040287,0.009999999776482582
4.0,0.0,3.04,22.3,86,2000,False,186000,6309,93,2dc24538b8f64619bce455646e44fe69,2020-01-20_14-46-10,1579527970,28.38156223297119,2433.0074021816254,6060,fabien-GE62VR-6RF,192.168.0.15,2433.0074021816254,186000,93,1,7cae6c8e,0,0.0,0.0,0.0,0.0,1.0,1.0,1.0,1.0,0.76,0.76,0.76,0.76,5.529535072469814,1.784509611610124,3.5194859002189394,186000,186000,23454.176,147.362,4008.151,19.939,90.45121951219512,86.20731707317073,1.5187499523162842,0.0002500000118743628,-0.09577149,-0.12872763,0.03516795,0.7932162,0.012771746,2.1608896,0.009999999776482582,1.5187499523162842,0.0002500000118743628,-0.1067616,-0.13836008,0.033843916,0.80005443,0.014773231,2.4682279,0.009999999776482582,1.5187499523162842,0.0002500000118743628,-0.10260918,-0.13465239,0.03605985,0.7881842,0.01380664,2.4985456,0.009999999776482582,1.5187499523162842,0.0002500000118743628,-0.10909662,-0.13943504,0.034680746,0.79497296,0.013557142,2.4932241,0.009999999776482582
4.0,0.0,3.04,25.61,80,2000,False,188000,6389,94,2dc24538b8f64619bce455646e44fe69,2020-01-20_14-46-37,1579527997,26.70112109184265,2459.708523273468,6060,fabien-GE62VR-6RF,192.168.0.15,2459.708523273468,188000,94,1,7cae6c8e,0,0.0,0.0,0.0,0.0,1.0,1.0,1.0,1.0,0.76,0.76,0.76,0.76,5.530713990600097,1.787346263175161,3.5202387357561715,188000,188000,23366.413,148.72,3997.797,19.728,89.47105263157896,86.41842105263156,1.5187499523162842,0.0002500000118743628,-0.09332514,-0.12481923,0.035198223,0.79390967,0.012153514,2.2162278,0.009999999776482582,1.5187499523162842,0.0002500000118743628,-0.110769145,-0.14185667,0.033295393,0.80534226,0.014939931,2.4897912,0.009999999776482582,1.5187499523162842,0.0002500000118743628,-0.10896653,-0.13811892,0.034189593,0.799554,0.013340259,2.5297701,0.009999999776482582,1.5187499523162842,0.0002500000118743628,-0.10711149,-0.1378141,0.03540161,0.7924717,0.013570923,2.5309825,0.009999999776482582
4.0,0.0,3.2,22.69,92,2000,False,190000,6481,95,2dc24538b8f64619bce455646e44fe69,2020-01-20_14-47-04,1579528024,27.291118383407593,2486.9996416568756,6060,fabien-GE62VR-6RF,192.168.0.15,2486.9996416568756,190000,95,1,7cae6c8e,0,0.0,0.0,0.0,0.0,1.0,1.0,1.0,1.0,0.8,0.8,0.8,0.8,5.531690623013338,1.7925522550740554,3.520885080224858,190000,190000,23314.533,145.268,4003.412,19.659,89.81538461538463,86.34102564102567,1.5187499523162842,0.0002500000118743628,-0.105090976,-0.13339397,0.029295152,0.82117456,0.013107148,2.089864,0.009999999776482582,1.5187499523162842,0.0002500000118743628,-0.120701134,-0.14834772,0.029221963,0.8202254,0.015105206,2.4516416,0.009999999776482582,1.5187499523162842,0.0002500000118743628,-0.12026778,-0.1460678,0.028322399,0.8257067,0.014609045,2.4709854,0.009999999776482582,1.5187499523162842,0.0002500000118743628,-0.12285675,-0.1483892,0.028533425,0.8238627,0.014273661,2.4679103,0.009999999776482582
4.0,0.0,3.44954128440367,18.357798165137616,109,2000,False,192000,6590,96,2dc24538b8f64619bce455646e44fe69,2020-01-20_14-47-34,1579528054,30.04549527168274,2517.0451369285583,6060,fabien-GE62VR-6RF,192.168.0.15,2517.0451369285583,192000,96,1,7cae6c8e,0,0.0,0.0,0.0,0.0,1.0,1.0,1.0,1.0,0.8623853211009175,0.8623853211009175,0.8623853211009175,0.8623853211009175,5.532383448757195,1.8017277047116065,3.522497551608121,192000,192000,23446.806,148.904,4197.046,20.255,90.95348837209303,86.43255813953488,1.5187499523162842,0.0002500000118743628,-0.09142427,-0.12636995,0.035774752,0.7111214,0.01232694,1.9550596,0.009999999776482582,1.5187499523162842,0.0002500000118743628,-0.10899082,-0.14276166,0.03407277,0.7172487,0.015432046,2.3739347,0.009999999776482582,1.5187499523162842,0.0002500000118743628,-0.1040433,-0.13676423,0.03557589,0.7105159,0.013994195,2.4108644,0.009999999776482582,1.5187499523162842,0.0002500000118743628,-0.10370429,-0.13638073,0.03560149,0.7137582,0.013683892,2.370746,0.009999999776482582
4.0,0.0,3.2,20.49,96,2000,False,194000,6686,97,2dc24538b8f64619bce455646e44fe69,2020-01-20_14-48-03,1579528083,28.62341594696045,2545.668552875519,6060,fabien-GE62VR-6RF,192.168.0.15,2545.668552875519,194000,97,1,7cae6c8e,0,0.0,0.0,0.0,0.0,1.0,1.0,1.0,1.0,0.8,0.8,0.8,0.8,5.535757675750634,1.807921015364799,3.5257902344595187,194000,194000,23605.457,154.108,4189.688,21.007,90.67249999999999,87.3625,1.5187499523162842,0.0002500000118743628,-0.08971735,-0.12769459,0.039224755,0.75194025,0.012737254,2.0592227,0.009999999776482582,1.5187499523162842,0.0002500000118743628,-0.10291021,-0.13739833,0.03742921,0.7577809,0.014140112,2.4416387,0.009999999776482582,1.5187499523162842,0.0002500000118743628,-0.09811931,-0.13334604,0.038736068,0.7483456,0.013770368,2.4423084,0.009999999776482582,1.5187499523162842,0.0002500000118743628,-0.096406914,-0.13346678,0.041106526,0.73968685,0.013364033,2.4343293,0.009999999776482582
4.0,0.0,3.32,20.18,99,2000,False,196000,6785,98,2dc24538b8f64619bce455646e44fe69,2020-01-20_14-48-31,1579528111,28.830141067504883,2574.4986939430237,6060,fabien-GE62VR-6RF,192.168.0.15,2574.4986939430237,196000,98,1,7cae6c8e,0,0.0,0.0,0.0,0.0,1.0,1.0,1.0,1.0,0.83,0.83,0.83,0.83,5.538455527374764,1.8159225260153158,3.5288644483018414,196000,196000,23806.107,155.614,4208.777,21.011,90.78571428571429,87.4404761904762,1.5187499523162842,0.0002500000118743628,-0.099498354,-0.12970439,0.030698936,0.79100055,0.01285126,2.0010753,0.009999999776482582,1.5187499523162842,0.0002500000118743628,-0.11675255,-0.14697705,0.02987417,0.7949787,0.016091883,2.4089227,0.009999999776482582,1.5187499523162842,0.0002500000118743628,-0.109705985,-0.13853776,0.03174712,0.7892002,0.013974914,2.4139738,0.009999999776482582,1.5187499523162842,0.0002500000118743628,-0.11369894,-0.1415607,0.030932926,0.7895318,0.01379952,2.4029179,0.009999999776482582
4.0,0.0,3.2962962962962963,18.564814814814813,108,2000,False,198000,6893,99,2dc24538b8f64619bce455646e44fe69,2020-01-20_14-49-02,1579528142,30.26882529258728,2604.767519235611,6060,fabien-GE62VR-6RF,192.168.0.15,2604.767519235611,198000,99,1,7cae6c8e,0,0.0,0.0,0.0,0.0,1.0,1.0,1.0,1.0,0.8240740740740741,0.8240740740740741,0.8240740740740741,0.8240740740740741,5.539026827086854,1.8237158238062057,3.530371749699293,198000,198000,23686.388,156.746,4416.714,20.966,91.20697674418605,87.43255813953489,1.5187499523162842,0.0002500000118743628,-0.08750978,-0.121778086,0.03461477,0.75688505,0.012694671,1.9626504,0.009999999776482582,1.5187499523162842,0.0002500000118743628,-0.104286045,-0.1368534,0.033421963,0.7666019,0.015205437,2.3947878,0.009999999776482582,1.5187499523162842,0.0002500000118743628,-0.102156624,-0.13446717,0.034118425,0.7640016,0.014561538,2.392322,0.009999999776482582,1.5187499523162842,0.0002500000118743628,-0.10181542,-0.13427791,0.033581078,0.7636946,0.014854064,2.3678195,0.009999999776482582
4.0,0.0,3.2,20.25,98,2000,True,200000,6991,100,2dc24538b8f64619bce455646e44fe69,2020-01-20_14-49-30,1579528170,28.267641305923462,2633.0351605415344,6060,fabien-GE62VR-6RF,192.168.0.15,2633.0351605415344,200000,100,1,7cae6c8e,0,0.0,0.0,0.0,0.0,1.0,1.0,1.0,1.0,0.8,0.8,0.8,0.8,5.541400057910265,1.829919425254608,3.5326549684586355,200000,200000,23826.53,154.978,4412.766,22.044,90.325,87.38,1.5187499523162842,0.0002500000118743628,-0.089877695,-0.123960376,0.035551243,0.7756699,0.012279191,2.0117588,0.009999999776482582,1.5187499523162842,0.0002500000118743628,-0.10517861,-0.13849965,0.035592865,0.7773148,0.0145262005,2.433349,0.009999999776482582,1.5187499523162842,0.0002500000118743628,-0.096981004,-0.12997113,0.035457008,0.7776808,0.014225113,2.407127,0.009999999776482582,1.5187499523162842,0.0002500000118743628,-0.103584886,-0.13753329,0.036896013,0.7688408,0.014027085,2.4251232,0.009999999776482582
